Time,SwivelPower,SwivelPower,SwivelPower,SwivelPower,SwivelPower,SwivelPower,SwivelPower,SwivelPower,MinAngle,MinAngle,MinAngle,MinAngle,MinAngle,MinAngle,MinAngle,MinAngle,CatchSlip,CatchSlip,CatchSlip,CatchSlip,CatchSlip,CatchSlip,CatchSlip,CatchSlip,MaxAngle,MaxAngle,MaxAngle,MaxAngle,MaxAngle,MaxAngle,MaxAngle,MaxAngle,FinishSlip,FinishSlip,FinishSlip,FinishSlip,FinishSlip,FinishSlip,FinishSlip,FinishSlip,Drive Start T,Drive Start T,Drive Start T,Drive Start T,Drive Start T,Drive Start T,Drive Start T,Drive Start T,Rower Swivel Power,Rower Swivel Power,Rower Swivel Power,Rower Swivel Power,Rower Swivel Power,Rower Swivel Power,Rower Swivel Power,Rower Swivel Power,Drive Time,Drive Time,Drive Time,Drive Time,Drive Time,Drive Time,Drive Time,Drive Time,Recovery Time,Recovery Time,Recovery Time,Recovery Time,Recovery Time,Recovery Time,Recovery Time,Recovery Time,Angle Max F,Angle Max F,Angle Max F,Angle Max F,Angle Max F,Angle Max F,Angle Max F,Angle Max F,Angle 0.7 F,Angle 0.7 F,Angle 0.7 F,Angle 0.7 F,Angle 0.7 F,Angle 0.7 F,Angle 0.7 F,Angle 0.7 F,Work PC Q1,Work PC Q1,Work PC Q1,Work PC Q1,Work PC Q1,Work PC Q1,Work PC Q1,Work PC Q1,Work PC Q2,Work PC Q2,Work PC Q2,Work PC Q2,Work PC Q2,Work PC Q2,Work PC Q2,Work PC Q2,Work PC Q3,Work PC Q3,Work PC Q3,Work PC Q3,Work PC Q3,Work PC Q3,Work PC Q3,Work PC Q3,Work PC Q4,Work PC Q4,Work PC Q4,Work PC Q4,Work PC Q4,Work PC Q4,Work PC Q4,Work PC Q4,Max Force PC,Max Force PC,Max Force PC,Max Force PC,Max Force PC,Max Force PC,Max Force PC,Max Force PC,Rating,AvgBoatSpeed,StrokeNumber,Dist/Stroke,Average Power
,1,2,3,4,5,6,7,8,1,2,3,4,5,6,7,8,1,2,3,4,5,6,7,8,1,2,3,4,5,6,7,8,1,2,3,4,5,6,7,8,1,2,3,4,5,6,7,8,1,2,3,4,5,6,7,8,1,2,3,4,5,6,7,8,1,2,3,4,5,6,7,8,1,2,3,4,5,6,7,8,1,2,3,4,5,6,7,8,1,2,3,4,5,6,7,8,1,2,3,4,5,6,7,8,1,2,3,4,5,6,7,8,1,2,3,4,5,6,7,8,1,2,3,4,5,6,7,8,Boat,Boat,Boat,Boat,Boat
2941120,,,,,,,,,,,,,,,,,,,,,,,,,,,,,,,,,,,,,,,,,,,,,,,,,,,,,,,,,,,,,,,,,,,,,,,,,,,,,,,,,,,,,,,,,,,,,,,,,,,,,,,,,,,,,,,,,,,,,,,,,,,,,,,,,,,,,
2936680,,26,,,,,,,,-42.375,,,,,,,,4.1875,,,,,,,,-25,,,,,,,,3.6875,,,,,,,,50,,,,,,,,26,,,,,,,,,,,,,,,,,,,,,,,,,,,,,,,,,,,,,,,,,,,,,,,,,,,,,,,,,,,,,,,,,,,,,,,,,,,,,,,32,0,600,0,26
2942840,,96,,,,,,,-40.6875,-36.4375,-40.8125,-41.1875,-39.9375,-35.8125,-31.8125,-39.8125,5.6875,0.4375,2.6875,1.75,2.6875,3.1875,3.3125,1.125,27.625,30.875,30.375,30.1875,29.75,31.4375,31.75,37.3125,6.5625,8.875,6.3125,6.375,7.4375,3,6.125,4.9375,73,78,84,79,81,78,83,80,,96,,,,,,,,,,,,,,,,,,,,,,,,,,,,,,,,,,,,,,,,,,,,,,,,,,,,,,,,,,,,,,,,,,,,,,,,,,,,,,,9.5,0,601,0,96
2944220,274,343,406,373,400,393,322,385,-29,-36.9375,-38.75,-39.125,-36.4375,-35.0625,-38.9375,-39,3.5,3.0625,1.4375,3.1875,1.9375,5.4375,1.875,5.8125,30.3125,28.875,29.625,32.3125,28.9375,30.1875,29.875,36.75,8.4375,7.0625,6.375,7.5,8.5625,3.0625,8.25,6.0625,46,51,54,51,51,51,52,51,274,343,406,373,400,393,322,385,0.839844,0.870117,0.889893,0.880127,0.840088,0.840088,0.900146,0.930176,,,,,,,,,-12,-14.3125,-27.6875,-14.1875,-11.9375,-7.28125,-28.8125,-22.9375,-19.707237,-26.223166,-33.007351,-29.148438,-29.554169,-25.316942,-33.632805,-28.491371,24.796686,22.858419,28.689934,22.972301,24.515099,18.777159,30.641769,25.897276,41.628517,41.925045,33.108814,41.249043,38.696133,35.334927,32.868568,36.219845,26.984369,27.296841,29.305441,27.688894,30.209154,32.015575,27.415653,28.137115,6.590426,7.919689,8.895813,8.089764,6.579613,13.87234,9.07401,9.745761,28.661749,34.377968,16.179159,34.908138,37.476097,42.57663,14.713897,21.20462,43,0.523438,602,0.726563,362
2945580,300,349,423,351,468,390,333,381,-35.5625,-41.25,-43.5625,-35.5,-42.0625,-38.75,-43.0625,-38.6875,3.0625,5.125,0.25,3.9375,2.1875,5.5,5.6875,6.5625,29.8125,29.625,29.625,31.8125,30.5,30.6875,30.4375,37.8125,11.5,10.375,7.375,8.4375,11.3125,4.4375,11.6875,7.75,45,46,49,46,48,48,48,46,300,349,423,351,468,390,333,381,0.779785,0.779785,0.769775,0.75,0.77002,0.780029,0.719971,0.809814,0.560059,0.560059,0.550049,0.560059,0.530029,0.5,0.560059,0.530029,-9.5,-16.75,-32.5,-8.28125,-27.3125,-22.6875,-26.4375,-16.9375,-26.316666,-29.00478,-38.447002,-24.271816,-34.369812,-29.049274,-33.754517,-26.309177,24.394497,21.161251,28.207857,22.39719,25.538067,21.454559,25.50247,23.892359,41.964333,42.525105,32.494148,43.817242,37.535801,35.181053,37.611668,42.855503,29.037058,27.162352,29.871031,27.749447,31.365845,30.72434,27.724339,24.417231,4.604108,9.151288,9.426967,6.036123,5.560285,12.640044,9.161522,8.834908,39.866154,34.567902,15.115287,40.436398,20.327305,23.132315,22.619047,28.431374,44,2.347656,603,3.195313,374
2946920,276,361,438,385,414,427,341,360,-39.625,-43.3125,-43.8125,-43.5625,-40.6875,-47.5625,-51.75,-43.625,5.4375,6.6875,1.375,5.5625,5.125,7.0625,10.4375,8.0625,30.0625,30.375,29.875,32.0625,30.8125,31.1875,29.875,38.0625,12.25,11.5625,7,10.75,10.75,4.5625,11.875,10.3125,43,43,47,45,45,46,46,44,276,361,438,385,414,427,341,360,0.840088,0.780029,0.790283,0.76001,0.699951,0.719971,0.73999,0.820068,0.52002,0.590088,0.499756,0.570068,0.560059,0.580078,0.560059,0.540039,-12.25,-14.3125,-29.3125,-13.25,-8.1875,-9.6875,-29.75,-24.375,-26.088314,-27.8046,-36.403126,-30.583916,-28.251301,-33.882706,-35.603748,-30.617701,21.287128,19.396887,28.024105,21.197641,18.752121,17.586344,17.766121,24.220058,44.217258,45.795212,35.169254,44.620548,40.530666,36.442142,41.196121,39.874321,29.662558,29.989233,28.683666,29.012684,33.733448,32.403336,30.523502,27.779194,4.833058,4.818664,8.122972,5.169126,6.98376,13.568181,10.514257,8.126423,39.282513,39.355385,19.677692,40.082645,45.454548,48.095238,26.952526,23.422054,44.5,3.050781,604,4.089844,375
2948280,223,349,407,356,438,410,338,368,-40.1875,-46.0625,-46.8125,-42.8125,-47.375,-49,-50.5625,-43.125,12.75,6.6875,3.375,4.25,3.875,7.0625,5.1875,8.625,29.5,30.375,29.625,31.8125,29.75,29.1875,28.25,38.5625,14.9375,13.875,6.9375,11.625,11.4375,4,10.125,9.8125,39,44,45,44,44,45,45,43,223,349,407,356,438,410,338,368,0.700195,0.730225,0.780029,0.75,0.720215,0.699951,0.75,0.76001,0.629883,0.619873,0.540039,0.570068,0.599854,0.600098,0.590088,0.580078,-10.8125,-15.0625,-32,-13.25,-10.5625,-27.75,-33.125,-21.8125,-20.493395,-32.155064,-37.855659,-31.08876,-37.673199,-34.423088,-39.600498,-29.800919,15.424058,20.486301,24.513416,22.275536,21.218714,16.568867,26.711487,21.193321,48.874741,45.659645,33.484276,43.077168,38.392174,36.874939,37.96349,42.681328,33.214439,30.668842,31.819361,29.323145,33.68557,33.050095,25.486645,28.465635,2.486756,3.185215,10.182951,5.324149,6.703541,13.506097,9.838376,7.659719,42.152466,40.556011,19.378576,39.614738,47.730957,26.666668,21.527777,26.090282,44,3.808594,605,5.183594,361
2949660,238,363,407,366,419,390,346,394,-43.125,-49.375,-44,-47.375,-46.5,-49.625,-53.9375,-46.6875,6.8125,6.0625,1.3125,5.3125,5.375,6.8125,11.8125,8.625,30.875,29.125,27.75,31.8125,29.5,27.625,31.1875,38.0625,14,11.375,4.5,10.5,11.25,3.25,12.625,8.4375,41,44,46,44,44,44,44,44,238,363,407,366,419,390,346,394,0.780029,0.77002,0.789795,0.73999,0.699951,0.699951,0.73999,0.820068,0.639893,0.629883,0.52002,0.629883,0.629883,0.639893,0.619873,0.569824,-14.625,-17.6875,-27.9375,-14.4375,-11.625,-11.5625,-30.1875,-25.625,-27.635965,-33.123611,-35.720818,-30.73271,-30.834015,-34.940247,-37.70763,-32.778202,21.707733,19.155867,25.334888,19.495712,17.800934,16.530802,16.69375,22.424698,43.974308,43.843929,36.668758,43.797585,41.738216,35.12368,41.80983,38.93576,30.236725,30.966187,28.919226,30.484682,34.69352,34.407463,30.743847,29.426003,4.08124,6.034014,9.077129,6.222019,5.767334,13.93805,10.752577,9.213539,38.513515,40.366241,23.096027,41.594318,45.888157,47.540985,27.900146,24.852507,43,4.019531,606,5.546875,365
2951020,224,336,412,361,423,383,334,350,-44,-48.1875,-49.5,-45.8125,-48.4375,-49,-52.4375,-45.5,9.4375,9.5,3.125,7.3125,6.0625,8.3125,12.4375,9.1875,30.3125,29.875,30.375,33.5625,29.75,28.0625,31.5,38.3125,13.0625,13,8.0625,11.8125,10.875,3.3125,14.125,9.4375,39,41,46,42,44,43,44,43,224,336,412,361,423,383,334,350,0.75,0.77002,0.800049,0.72998,0.73999,0.76001,0.719971,0.780029,0.620117,0.590088,0.51001,0.600098,0.570068,0.580078,0.610107,0.560059,-14.0625,-17.6875,-31.5,-13.25,-9.8125,-12.3125,-29.0625,-23.875,-26.625261,-31.912117,-38.792645,-27.427631,-35.747303,-35.040066,-36.137066,-30.969522,20.396704,17.684504,23.916321,18.618437,17.995455,16.498442,16.794392,22.129478,42.739304,45.747803,36.47295,46.608624,38.00666,36.148724,44.439461,41.450085,31.905598,31.82152,30.270666,28.986925,36.717068,34.644394,31.07217,28.927956,4.958397,4.746173,9.340064,5.786016,7.280815,12.708442,7.693987,7.492486,39.85025,39.217251,22.535212,41.023621,49.400478,46.039215,27.848101,25.801641,44,4.363281,607,5.9375,352
2952360,211,347,396,350,440,379,349,375,-44,-48.875,-48.875,-47.125,-48.25,-46.875,-53.1875,-45.5,5.5625,9.0625,3.6875,7.5,3.6875,6.0625,11.125,9.875,29.5,30.625,27.1875,32.3125,30,27.8125,30.125,38.8125,13.9375,13.4375,4.875,11,12.0625,4.25,13,10.625,40,40,44,41,43,43,44,42,211,347,396,350,440,379,349,375,0.720215,0.72998,0.780029,0.73999,0.709961,0.749756,0.699951,0.800049,0.659668,0.649902,0.549805,0.609863,0.599854,0.560059,0.629883,0.559814,-15.4375,-15.0625,-30.0625,-14.4375,-10.875,-7.9375,-29.0625,-20.9375,-31.662498,-30.027779,-38.242889,-28.940548,-37.257721,-34.35083,-37.062271,-29.529541,24.110695,17.518059,24.084566,18.268209,20.634201,19.010616,18.148331,21.557331,41.672699,46.141495,37.208748,45.424622,38.244007,36.197506,43.96542,46.987785,30.090794,32.314838,30.191378,30.160782,33.487053,33.321873,30.672333,25.734701,4.125813,4.025609,8.515309,6.146389,7.634743,11.47001,7.213915,5.720179,38.860546,42.531445,23.663523,41.148701,47.763577,50.363785,28.957239,29.13269,44.5,4.515625,608,6.050781,355
2953700,195,344,397,339,426,361,335,357,-41.75,-47.9375,-49.6875,-46.125,-48.4375,-48.0625,-53.1875,-45.5,8.375,8.25,4.9375,7,4.25,8.4375,11.75,10,30.875,30.625,30.625,27.5625,29.75,30.6875,30.6875,38.8125,16.4375,12.9375,8.5625,7.0625,11.6875,7.75,13.625,10,39,40,45,41,43,42,43,42,195,344,397,339,426,361,335,357,0.719971,0.75,0.73999,0.719971,0.719971,0.800049,0.719971,0.77002,0.630127,0.620117,0.570068,0.600098,0.590088,0.48999,0.610107,0.570068,-11.0625,-14.5625,-30.0625,-13.5,-12.4375,-11.5625,-30.6875,-23.1875,-23.470654,-30.854809,-36.716976,-29.533611,-37.041664,-35.015354,-36.413464,-30.072996,22.418827,18.033752,20.980373,19.211378,19.749338,17.785152,19.294079,21.755991,43.770355,45.547928,40.277775,45.625961,38.695602,36.652687,45.502293,44.142349,30.753962,31.822336,29.979021,30.046452,33.689152,32.771912,29.003504,26.979113,3.05686,4.595985,8.762832,5.116211,7.86591,12.790249,6.200124,7.122543,42.254734,42.482098,24.435797,41.593628,46.043167,46.476643,26.825634,26.464048,44.5,4.722656,609,6.332031,344
2955060,243,350,377,377,417,369,323,360,-45.3125,-49.375,-47.8125,-47.375,-47.375,-49.4375,-47.1875,-46.9375,6.0625,8.1875,3,7.4375,5.5625,5.8125,7.75,9.9375,30.0625,29.375,29.375,32.0625,28.9375,29.4375,29.875,38.5625,15.8125,11.375,7.5625,10.1875,10.0625,6.625,12.8125,10,40,41,45,42,43,43,42,42,243,350,377,377,417,369,323,360,0.719971,0.819824,0.670166,0.740234,0.710205,0.739746,0.800049,0.769775,0.639893,0.570068,0.629883,0.599854,0.599854,0.590088,0.530029,0.580078,-12.5,-15.8125,-29.3125,-13.5,-8.6875,-12.875,-26.9375,-23.875,-26.64221,-33.810741,-37.297043,-30.474476,-33.875,-37.003677,-35.378033,-30.992668,21.326368,17.961514,25.948324,18.420443,18.032173,19.0131,21.69611,21.073822,45.417751,43.560345,38.383804,44.532291,38.859779,36.056225,42.735237,41.928638,30.406261,32.185249,27.747324,30.768078,35.849041,32.683681,28.989738,27.152681,2.849621,6.292889,7.920545,6.279181,7.25901,12.246996,6.578916,9.844852,43.245472,42.845852,23.661072,42.643589,50.696152,46.354992,26.752619,26.973686,44,4.738281,610,6.445313,352
2956400,225,360,382,362,412,368,327,338,-44,-48.875,-49.875,-47.125,-49.125,-49.625,-51.5,-46.1875,5,7.5,1.75,6.8125,5.0625,8.6875,13.3125,10.5625,29.5,30.625,30.125,32.8125,30,31.1875,30.6875,39.0625,15.25,14.4375,8.5,12,11.75,7.5625,11.875,10.375,40,41,44,42,43,42,42,41,225,360,382,362,412,368,327,338,0.679932,0.76001,0.790039,0.72998,0.709961,0.679932,0.679932,0.77002,0.670166,0.620117,0.540039,0.610107,0.600098,0.640137,0.640137,0.590088,-11.75,-14.3125,-34.5625,-11.8125,-9.125,-12.3125,-26.9375,-22.75,-28.299999,-32.658978,-40.713135,-30.800678,-37.280273,-35.25592,-34.349255,-30.058153,23.640841,19.341572,26.221863,19.468626,19.27697,17.325506,13.984394,21.439379,41.862404,46.70908,36.590866,45.244946,38.21442,37.492386,43.347054,44.102745,31.617064,30.09915,29.112507,30.202209,36.112312,33.557064,33.106262,26.645193,2.879691,3.850204,8.074768,5.084223,6.396302,11.625041,9.562294,7.812684,43.877552,43.474846,19.58042,44.175137,50.552921,46.171696,29.885933,27.49267,44.5,4.972656,611,6.664063,346
2957760,185,321,370,353,408,380,331,364,-44,-48.875,-48.0625,-46.875,-46.25,-50.5625,-52,-47.125,15.625,9.1875,2.625,6.125,6.1875,9.125,8.9375,9.9375,30.3125,30.375,30.125,31.8125,29.75,28.0625,30.6875,38.0625,16.0625,14.75,8.75,10.8125,12,4.875,12.9375,10.3125,35,41,44,44,43,43,44,43,185,321,370,353,408,380,331,364,0.709961,0.690186,0.76001,0.689941,0.76001,0.680176,0.689941,0.77002,0.640137,0.659912,0.540039,0.620117,0.52002,0.639893,0.630127,0.570068,-13,-13.8125,-30.3125,-11.3125,-10.875,-11,-30.4375,-23.875,-24.322348,-33.730961,-38.51638,-31.666943,-32.411488,-34.226158,-37.3419,-31.822775,16.113823,18.839819,26.681095,19.415577,16.664383,16.004776,20.870871,20.869448,46.055737,46.139557,36.688251,43.22599,41.760536,35.907639,42.745747,42.943962,35.350056,32.084175,28.168436,31.502825,35.627548,36.199425,27.629152,27.445498,2.480388,2.936448,8.462215,5.85561,5.947532,11.888162,8.754238,8.741095,41.715725,44.242905,22.701839,45.194599,47.154472,48.542942,26.077097,27.13348,44,4.902344,612,6.667969,339
2959080,212,337,335,345,419,382,321,345,-42.875,-49.125,-46.1875,-46.875,-48.4375,-53.4375,-47.4375,-45.25,7.0625,7.625,3,7.75,5.25,13.5625,6.6875,10.375,30.0625,30.375,29.625,32.0625,29.5,31.625,30.9375,38.3125,16.1875,14.5,9.5,11.5625,12.0625,7.25,12.3125,10.625,38,40,43,41,42,41,41,40,212,337,335,345,419,382,321,345,0.689941,0.800049,0.75,0.699951,0.780029,0.679932,0.699951,0.73999,0.649902,0.559814,0.549805,0.609863,0.5,0.639893,0.619873,0.579834,-13.8125,-16.5,-28.875,-12.0625,-11.125,-28.5625,-27.8125,-22.5,-26.70759,-33.542744,-36.829708,-29.169628,-35.951172,-34.510662,-35.804241,-29.310318,23.286776,19.148821,27.815285,18.750759,17.719196,13.042435,24.217218,20.276644,45.568581,45.495155,37.009624,44.552402,40.218292,39.52438,40.439983,44.307404,28.302742,30.714405,27.889187,31.206244,35.161522,34.522396,27.505293,27.51683,2.841896,4.641617,7.285907,5.490592,6.900985,12.91079,7.837505,7.899124,39.84576,41.222569,23.215752,44.101345,48.494453,29.243204,25.039873,27.143923,45,4.859375,613,6.417969,337
2960420,206,309,345,350,398,353,322,352,-44.8125,-48.625,-48.25,-46.125,-47.5625,-47.5625,-50.375,-44.8125,5.3125,11.5,5.1875,8,4.75,8.375,11.8125,10.625,30.0625,29.375,26.9375,32.8125,28.9375,30.6875,30.4375,38.5625,16.75,14.6875,6.8125,11.875,11.5625,8.6875,12.875,11.25,39,39,43,41,42,42,42,41,206,309,345,350,398,353,322,352,0.719971,0.679932,0.75,0.709961,0.669922,0.649902,0.679932,0.75,0.650146,0.680176,0.560059,0.620117,0.630127,0.650146,0.640137,0.590088,-14.0625,-16.75,-30.75,-11.125,-11.625,-12.625,-27.1875,-20.25,-34.178776,-30.532196,-37.341042,-28.559092,-35.568169,-34.112247,-33.826359,-28.406919,25.005985,16.393322,25.20982,18.58577,19.580374,18.49552,17.464661,20.30821,42.29496,47.653225,38.430405,45.036251,39.275135,38.846329,46.644855,47.545643,29.991928,32.51413,28.995287,30.952204,34.676502,32.008137,28.683233,25.666306,2.707133,3.439319,7.364483,5.425774,6.467992,10.65001,7.207253,6.479837,41.068447,40.865387,22.47191,44.338875,46.977123,44.64856,28.692961,29.46027,44.5,5.015625,614,6.722656,329
2961760,180,317,356,332,409,337,312,351,-43.125,-47,-48.0625,-44.5625,-48,-47.3125,-49.4375,-44.8125,11.5625,8.25,3.875,7,4.875,6.3125,7.75,9.8125,29.25,29.625,29.625,32.3125,29.25,30.6875,30.6875,38.5625,16.8125,14.3125,10,11.375,11.6875,8.625,13.125,9.9375,37,41,44,42,44,44,43,42,180,317,356,332,409,337,312,351,0.689941,0.709961,0.719971,0.689941,0.699951,0.719971,0.670166,0.76001,0.650146,0.630127,0.560059,0.620117,0.600098,0.580078,0.649902,0.580078,-13.84375,-16.25,-28.625,-10.125,-9.5625,-27.75,-28.3125,-20.25,-26.581732,-32.844273,-36.782177,-29.931543,-34.7122,-35.013733,-36.40686,-29.268127,22.243591,19.744904,25.885054,19.77096,18.920866,20.356707,23.562523,21.501606,44.367088,45.881809,38.664021,44.618462,40.209576,38.229908,41.683815,44.404865,29.740021,30.943403,27.584284,30.028587,34.694855,31.123014,26.002827,25.720221,3.6493,3.429891,7.866641,5.581985,6.174704,10.290376,8.750832,8.373303,40.008537,40.130505,25.020113,44.796745,49.757282,25.08013,26.365053,29.46027,44.5,4.804688,615,6.441406,324
2963080,165,339,339,327,410,324,294,342,-44.25,-48.875,-46.5625,-45.8125,-47.5625,-47.8125,-51.75,-45.0625,6.6875,8.3125,2.375,7.75,4.75,7.375,13.9375,11.25,26.8125,30.125,28,32.0625,29.5,31.1875,30.9375,38.8125,16.5,13.5625,8,12.25,12.125,9.5,13.5625,9.5625,39,40,43,41,42,42,41,40,165,339,339,327,410,324,294,342,0.669922,0.839844,0.77002,0.719971,0.680176,0.660156,0.679932,0.76001,0.659912,0.540039,0.52002,0.589844,0.599854,0.619873,0.619873,0.569824,-13.25,-15.8125,-30.5625,-12.5625,-11.375,-26.4375,-27.8125,-19.625,-37.352863,-33.403767,-37.254711,-29.948215,-35.438431,-33.949432,-34.025002,-28.420246,28.892889,18.614052,26.725302,19.366978,19.92495,19.215101,14.477258,19.483511,42.49324,45.576786,38.357388,44.979752,40.045895,39.118004,44.58379,46.349056,27.874289,30.934408,28.075712,30.533209,34.329189,31.672737,32.177917,26.428923,0.739584,4.87476,6.841598,5.120061,5.699967,9.994158,8.761033,7.738509,42.176868,42.034702,22.45389,42.696629,46.958637,27.056963,28.949356,30.327869,45,4.921875,616,6.5,317
2964420,191,310,346,318,395,325,309,335,-46.125,-47.9375,-46.5625,-45.3125,-49.375,-47.125,-48.9375,-45.5,5.8125,10.0625,1.5625,8.6875,4.6875,9.625,5.8125,11,30.0625,29.625,27.75,32.3125,29.5,31.875,29.375,39.8125,16.625,14.5625,7.625,12.9375,11.5625,8.5,12.75,10.875,40,38,43,40,42,42,42,40,191,310,346,318,395,325,309,335,0.689941,0.73999,0.699951,0.709717,0.709961,0.659912,0.820068,0.77002,0.670166,0.630127,0.610107,0.610352,0.600098,0.630127,0.51001,0.580078,-14.625,-16.75,-31,-10.375,-11.125,-26.4375,-30.6875,-22.3125,-38.511353,-30.116667,-38.674202,-27.822889,-38.279713,-33.502323,-37.896725,-28.74617,26.850283,17.299459,29.367119,18.540644,20.20454,19.151787,23.927214,20.718681,41.673977,47.449913,36.359276,45.580677,38.099903,38.865402,40.018536,46.475376,28.647827,31.797663,27.273163,31.274408,34.86187,31.084791,28.780674,24.963373,2.827911,3.45296,7.000437,4.604269,6.833689,10.898026,7.27358,7.842573,41.345364,40.209507,20.293398,45.008053,48.494453,26.186708,23.653395,27.179489,44.5,4.785156,617,6.414063,316
2965780,180,304,341,311,410,334,297,330,-45.0625,-48.1875,-46.5625,-46.125,-49.625,-48.0625,-47.4375,-44.8125,6.75,8.9375,2.5,8.5625,4.125,7.9375,6.1875,11.375,28.9375,29.625,30.125,32.5625,28.9375,31.875,29.875,39.0625,18.1875,15.125,10.125,13.3125,11.1875,9.4375,14.4375,11.125,40,41,44,41,43,43,42,41,180,304,341,311,410,334,297,330,0.719971,0.740234,0.76001,0.719971,0.680176,0.670166,0.810059,0.76001,0.630127,0.619873,0.540039,0.610107,0.619873,0.629883,0.5,0.580078,-15.6875,-15.5625,-29.8125,-10.125,-12.4375,-24.625,-28.5625,-20.6875,-35.748238,-30.828125,-37.739265,-27.702204,-38.127071,-33.638599,-36.481068,-28.163462,26.656033,18.522144,24.413261,18.612022,19.751944,18.876287,26.66334,19.334534,43.750824,48.157173,38.510307,45.173088,38.002163,39.929413,41.871452,46.395351,27.620327,30.162971,28.587404,31.390507,34.262669,31.488371,26.290089,25.92107,1.972818,3.157712,8.489024,4.824377,7.983222,9.705933,5.175118,8.349044,39.695946,41.927711,25.311527,45.750599,47.334923,29.31978,24.899599,28.763041,44,4.921875,618,6.695313,313
2967140,165,303,324,308,387,337,300,313,-44,-48.625,-48.25,-45.0625,-48.875,-47.3125,-50.125,-44.8125,10.4375,9.625,4.125,9.125,5.75,9.1875,10.375,11,30.3125,28.125,26.9375,29.25,29.25,31.4375,29.875,38.5625,17.25,12,7.5,9.75,11.25,8.375,13.25,10.875,39,40,44,40,43,42,42,41,165,303,324,308,387,337,300,313,0.72998,0.699951,0.76001,0.699951,0.709961,0.73999,0.689941,0.76001,0.639893,0.679932,0.559814,0.629883,0.609863,0.579834,0.649902,0.599854,-13.8125,-16.25,-30.75,-11.3125,-9.8125,-12.0625,-28.8125,-21.8125,-33.461483,-32.032787,-38.167721,-26.875145,-36.512276,-33.881248,-35.379776,-28.675003,24.745621,17.602772,27.719858,17.927765,18.641052,18.287313,20.392914,21.209097,41.970673,45.712475,38.298325,45.311073,38.057396,38.225483,44.445221,46.061256,30.222124,32.196144,26.808048,31.127285,36.014557,32.567547,28.521263,26.043093,3.061583,4.488608,7.173765,5.633879,7.286999,10.919657,6.640604,6.686555,40.622372,41.242039,22.400002,44.189854,50,44.761906,26.110262,27.586206,44,4.816406,619,6.554688,304
2968480,170,296,322,315,377,324,270,318,-44.5625,-47.9375,-47.4375,-45.8125,-48.875,-46.6875,-53.1875,-45.75,10.1875,10.0625,3.5,7.9375,11,9.375,16.25,10.9375,30.5625,28.875,29.625,30.625,29.25,30.6875,29.875,38.3125,19.0625,14.4375,10.4375,11.6875,11.5625,8.8125,12.375,10.5,38,39,44,41,42,41,41,40,170,296,322,315,377,324,270,318,0.719727,0.72998,0.76001,0.699951,0.649902,0.709961,0.699951,0.77002,0.640381,0.650146,0.540039,0.620117,0.630127,0.600098,0.620117,0.590088,-14.0625,-15.5625,-29.8125,-13.5,-7.5,-11,-25.0625,-20.6875,-28.003571,-31.637501,-37.835449,-29.880486,-32.603127,-33.841179,-32.88726,-29.14537,24.262329,17.834167,28.004051,18.452646,13.463172,18.79574,11.609012,20.609875,44.631405,46.224003,37.561554,44.501984,38.52124,37.846367,46.571064,45.053959,27.923769,31.916008,26.141531,30.18409,39.7658,33.462505,33.230007,25.808525,3.1825,4.025823,8.292862,6.861284,8.249783,9.895381,8.589916,8.527637,40.598999,42.148087,23.244553,42.273098,52.960003,46.122776,33.112583,29.814127,44.5,4.683594,620,6.277344,299
2969840,186,292,316,311,390,317,285,299,-44,-47.4375,-47.8125,-46.625,-47.5625,-46.25,-55.125,-44.8125,10,9.25,2.8125,9.9375,7.6875,7.75,17.125,11.875,29.25,30.375,27.1875,32.0625,29.75,30.6875,29.875,39.3125,15.6875,15.4375,8.5625,13.8125,11.125,8.625,11.875,12.625,39,40,44,41,42,42,41,41,186,292,316,311,390,317,285,299,0.669922,0.75,0.769775,0.699951,0.680176,0.72998,0.719971,0.76001,0.679932,0.619873,0.550049,0.619873,0.599854,0.589844,0.619873,0.579834,-12,-15.3125,-32.75,-11.125,-8.1875,-26.6875,-24.4375,-19.625,-33.553123,-32.832752,-38.676056,-27.940689,-33.2939,-33.881092,-34.777443,-27.136251,22.066011,19.829386,29.612175,17.493036,16.298462,20.035625,10.015206,19.723282,42.019875,46.129425,37.159069,46.634586,38.400345,37.549053,45.631741,48.195847,32.7047,30.881754,26.678324,30.669531,37.845459,31.738863,34.6521,24.578318,3.209411,3.159432,6.550432,5.202842,7.455736,10.676459,9.700954,7.502549,43.353088,41.285141,19.577579,45.11517,51.205791,25.426483,35.657227,29.940563,44,4.816406,621,6.554688,299
2971220,191,292,319,300,368,351,279,310,-45.0625,-48.1875,-46.375,-45.8125,-48.4375,-49.4375,-47.1875,-46.9375,9.375,8.8125,5,8.125,10.5625,6.5,8.4375,11.9375,29.5,30.875,29.875,29.25,29.5,30.4375,30.125,39.0625,15.4375,15.6875,10.5625,10.6875,11,7.75,12.8125,12.125,39,41,45,42,44,44,43,43,191,292,319,300,368,351,279,310,0.73999,0.76001,0.699951,0.719971,0.659912,0.689941,0.706543,0.77002,0.660156,0.640137,0.640137,0.620117,0.640137,0.660156,0.653564,0.590088,-13.8125,-14.3125,-30.3125,-12.75,-5.875,-29.375,-25.5625,-20.6875,-27.451756,-33.374687,-36.670311,-29.422916,-31.169329,-35.007038,-35.671455,-29.41954,21.798544,20.185574,29.366959,18.715063,13.579634,18.103607,21.599316,19.485262,44.425472,46.122829,37.913849,45.342899,38.235653,36.964302,42.119015,46.481152,29.545355,29.879963,26.431067,29.944996,40.168869,33.3554,29.143261,25.851759,4.230627,3.811628,6.288133,5.997045,8.015839,11.576695,7.138409,8.18182,41.911148,42.845852,21.065573,43.791389,54.611069,25.117371,27.970898,30.523256,43,4.667969,622,6.445313,301
2972580,157,280,304,310,367,312,266,305,-44,-47.4375,-48.0625,-48.1875,-47.8125,-47.125,-46.6875,-46.4375,16.1875,9,5.1875,8.75,10.875,11.375,9.5625,11.875,29.8125,30.375,26.9375,29.25,28.375,27.625,29.875,38.8125,16.625,15.375,8.0625,10.5625,10.0625,5.6875,12.6875,11.5625,37,41,45,42,43,42,42,42,157,280,304,310,367,312,266,305,0.699951,0.75,0.76001,0.710205,0.640137,0.640137,0.690186,0.789795,0.679932,0.649902,0.560059,0.629883,0.659912,0.679932,0.649902,0.580078,-15.4375,-15.5625,-31,-14.625,-6.5625,-10.1875,-24.4375,-20.6875,-27.444704,-32.201649,-38.030331,-30.086224,-31.39629,-32.514084,-33.791565,-28.58923,23.941364,20.149569,27.202433,18.059072,13.680191,16.8262,19.707607,20.268972,43.603451,46.054504,39.048923,45.78603,38.699211,38.844135,43.248108,46.224319,28.109875,30.581049,25.826046,28.690355,39.726601,33.350796,30.2764,25.703331,4.345316,3.214882,7.922595,7.464541,7.893999,10.978864,6.767885,7.80337,38.565399,40.963856,22.033899,42.21698,53.354889,47.016708,28.756058,30.20528,44,4.527344,623,6.160156,287
2973940,160,264,340,278,392,337,283,302,-44.8125,-47,-49.6875,-44.3125,-48.4375,-45.375,-49.875,-45.0625,9.25,12.0625,3.25,7.8125,3.6875,7.1875,7.5,11.8125,30.3125,30.375,29.875,28.3125,27.3125,31.1875,29.0625,39.0625,17.5625,17,10,10.8125,10.75,10,11.25,12.5625,40,41,44,42,44,44,43,42,160,264,340,278,392,337,283,302,0.73999,0.699951,0.800049,0.709717,0.699951,0.780029,0.689941,0.780029,0.650146,0.670166,0.550049,0.630371,0.610107,0.530029,0.660156,0.590088,-17,-13.25,-35.0625,-10.125,-11.625,-25.4375,-30.6875,-20.5,-34.82476,-29.194962,-40.864285,-28.271875,-37.678123,-32.538391,-37.840889,-27.971809,26.980574,17.00399,27.596909,19.769112,20.587368,19.420746,26.08222,19.403103,44.431442,48.966972,34.337513,44.689384,38.208858,39.975731,39.807617,47.303791,25.399395,31.788334,30.075117,30.844576,34.057674,31.403858,24.916727,26.022631,3.188587,2.240703,7.990455,4.696928,7.146102,9.199663,9.193437,7.27047,37.021629,43.61874,18.381777,45.621349,48.081635,26.876513,23.363775,29.19762,44,4.757813,624,6.472656,294
2975300,132,258,322,284,386,311,257,296,-42.875,-45.8125,-47.625,-44.8125,-48.6875,-47.8125,-46.6875,-43.625,13.4375,9.625,7.25,8.5625,3.75,6.1875,7.125,11.9375,27.875,30.625,29.375,32.3125,28.375,29,30.9375,38.0625,20.5625,15.6875,10.0625,13.1875,12.625,7.625,13.625,11.5,37,41,43,42,43,43,42,41,132,258,322,284,386,311,257,296,0.710449,0.819824,0.75,0.710205,0.700195,0.800049,0.820068,0.77002,0.649658,0.560059,0.560059,0.619873,0.619873,0.540039,0.52002,0.570068,-13,-15.3125,-27.25,-10.625,-13.75,-10.5,-28.3125,-18.6875,-32.712212,-31.859167,-35.052959,-30.30125,-38.499535,-34.910553,-35.945183,-26.706879,26.600023,18.444324,24.577253,20.019064,21.864185,19.221041,25.877958,18.358479,44.847149,47.582283,39.940239,43.862095,39.425617,38.320999,41.536686,47.008202,28.013464,30.745077,28.732708,31.104908,33.293705,32.725773,23.698566,26.703226,0.539359,3.228317,6.749798,5.013935,5.41649,9.732184,8.886792,7.930089,42.226147,40.821259,26.461039,44.327389,45.336578,47.974583,24.16,30.527925,44,4.570313,625,6.21875,280
2976680,144,258,309,284,352,302,255,309,-44.5625,-44.1875,-46.375,-42.8125,-44.3125,-45.375,-45.25,-44.0625,16.625,10.5,4.6875,8.4375,6.6875,10.6875,7.1875,10.25,29.25,30.125,29.875,29.25,29.25,29.1875,30.125,38.5625,19.0625,15.75,10.25,10.9375,12.1875,7,13.0625,11.875,37,41,45,42,44,44,44,44,144,258,309,284,352,302,255,309,0.72998,0.800049,0.780029,0.699951,0.780029,0.709961,0.75,0.77002,0.669922,0.599854,0.559814,0.649902,0.539795,0.619873,0.609863,0.589844,-15.1875,-14.5625,-28.625,-13.25,-11.625,-24.875,-26.25,-19.8125,-26.660255,-26.665707,-35.621803,-27.570467,-30.372746,-31.817818,-34.802494,-28.254089,19.365351,16.967279,27.596546,19.319719,17.428429,17.754196,25.7584,22.540483,48.156357,48.676014,37.995949,45.882561,41.196358,38.074963,41.704071,46.170845,30.125662,32.193527,27.635193,29.807285,35.492493,33.396141,25.740089,24.127163,2.352626,2.163179,6.772315,4.990437,5.882723,10.774696,6.797436,7.161502,39.4958,40.565254,23.278688,40.39283,44.810123,26.951519,25.454544,29.34947,43,4.585938,626,6.332031,276
2978040,141,262,305,286,361,308,266,300,-41.5,-46.5,-47.4375,-44.0625,-46.9375,-48.75,-47.6875,-44.3125,15.0625,10.25,5.8125,8.3125,4.75,11.875,6.5,11.0625,29.25,30.375,29.875,31.3125,24.625,26.9375,30.6875,38.8125,18.875,15.75,10.4375,14.3125,8.25,5.4375,13.3125,12.3125,36,41,44,42,43,44,43,43,141,262,305,286,361,308,266,300,0.719971,0.793213,0.780029,0.810059,0.780029,0.650146,0.750244,0.800049,0.699951,0.626709,0.580078,0.560059,0.560059,0.669922,0.629883,0.600098,-15.6875,-15.0625,-29.3125,-11.3125,-13.5,-24.875,-28.8125,-20.9375,-24.962914,-31.341667,-36.396851,-28.953125,-34.663788,-32.008156,-37.099007,-28.321079,19.586405,18.914459,26.21727,19.313066,17.639509,15.538952,28.01527,21.335764,50.003601,47.691254,38.993717,46.206623,40.603603,38.961266,40.304985,47.228455,27.700678,30.009859,27.881342,30.624338,35.278053,32.771973,24.87075,25.684875,2.709317,3.384425,6.907678,3.855971,6.478833,12.727806,6.808995,5.750905,36.06987,40.89431,23.443815,43.822079,45.499184,29.704512,24.082935,28.1203,44,4.285156,627,5.828125,278
2979420,140,275,306,276,360,305,236,282,-41.5,-45.8125,-46.1875,-43.8125,-45.5625,-46.6875,-46.5,-44.5625,15,9.125,4.3125,8.625,6.375,8.6875,7.5625,10.5,30.0625,30.625,29.625,31.8125,28.9375,31.1875,30.125,38.8125,17.75,14.5,10.5625,14.75,11.6875,9.625,14.125,12,37,41,45,42,44,44,44,43,140,275,306,276,360,305,236,282,0.719971,0.820068,0.77002,0.730225,0.690186,0.75,0.77002,0.810059,0.659912,0.579834,0.569824,0.619629,0.619629,0.589844,0.589844,0.589844,-14.0625,-14.8125,-29.25,-13.9375,-8.4375,-10.1875,-28.8125,-21.125,-26.658751,-32.067257,-36.677143,-28.239643,-31.627277,-34.000275,-35.135281,-29.257813,23.800774,18.627382,28.784708,20.060823,18.13204,19.722738,26.954641,22.437288,45.981922,45.580708,37.682949,47.800793,38.919357,39.310123,41.744236,45.331177,26.641136,31.170797,27.17264,28.436903,37.071014,31.627728,25.627354,25.562254,3.576169,4.621113,6.359704,3.70148,5.877594,9.339411,5.673766,6.669277,38.207138,41.465378,22.341303,39.504131,49.832214,46.869984,23.083199,28.110945,43,4.460938,628,6.160156,272
2980840,130,266,308,261,329,314,260,253,-43.6875,-45.3125,-47.25,-44.8125,-48.4375,-47.5625,-50.8125,-45.75,16.625,8.6875,4,9.25,9.3125,8.6875,10.8125,12.1875,30.5625,30.125,29.125,29.6875,29.25,31.4375,32.25,39.5625,18.6875,14.5625,8.4375,12.625,12.375,8.6875,12.6875,10.8125,37,43,47,44,44,45,44,42,130,266,308,261,329,314,260,253,0.77002,0.812988,0.780029,0.72998,0.700195,0.690186,0.76001,0.829834,0.639893,0.566895,0.550049,0.610107,0.639893,0.639893,0.639893,0.580078,-15.6875,-15.0625,-29.5625,-11.5625,-6.125,-10.75,-30.6875,-22.0625,-32.512039,-32.471169,-37.312206,-28.37565,-33.940414,-33.544224,-37.025208,-29.582376,26.257292,20.524511,28.823208,19.161152,16.073977,18.622084,21.175531,21.580757,44.880356,45.8311,36.191395,46.336521,37.277023,38.676498,42.103569,44.814049,26.487087,30.025938,28.156836,30.310144,40.022762,32.376076,28.78793,26.062784,2.375269,3.618448,6.828565,4.192181,6.626236,10.325345,7.93297,7.542408,37.710438,40.099422,22.712681,43.111832,54.465,46.598099,24.228743,27.76557,42,4.398438,629,6.25,265
2982400,166,322,367,297,332,328,269,315,-49.1875,-56,-56.3125,-52.4375,-52.25,-54.4375,-53.9375,-49.8125,11.6875,9.3125,2.8125,10.25,6.3125,10.6875,10,11.5625,30.875,32.375,28.25,33.3125,29.75,32.375,34.25,41.25,16.375,12.875,4.625,12.75,11.6875,8.6875,13.8125,9.375,44,47,49,45,47,47,46,45,166,322,367,297,332,328,269,315,0.859863,0.830078,0.824707,0.829834,0.819824,0.869873,0.790039,0.859863,0.670166,0.72998,0.695313,0.700195,0.690186,0.630127,0.73999,0.670166,-12.25,-18.875,-28.84375,-13.25,-10.3125,-14.625,-32.625,-27.1875,-34.328949,-40.893631,-47.287399,-29.17507,-27.393463,-37.301105,-41.255749,-33.574944,20.203264,18.021099,22.755121,15.659118,16.290051,16.050703,22.186995,20.559866,41.826176,43.400501,36.809292,44.691551,37.054619,40.245975,41.685963,42.736904,33.512482,32.489605,31.642448,33.255707,39.186253,32.981735,28.243763,27.229395,4.458077,6.08879,8.793138,6.393627,7.469071,10.721587,7.883281,9.473829,45.531586,42.008488,31.06007,45.699711,51.143295,45.860332,24.167257,24.845573,38,4.34375,630,6.777344,299
2984000,162,276,336,257,314,302,259,283,-49.4375,-53.375,-52.1875,-50.125,-51.375,-53.9375,-55.125,-50.8125,16.125,9.3125,4.5,10.625,7.8125,12.25,10.9375,12.4375,31.9375,31.625,31.875,32.8125,30.8125,32.625,33.5,41.75,16.625,13.4375,9.6875,15.875,11.4375,10.3125,13.75,10.875,42,46,49,46,48,48,48,47,162,276,336,257,314,302,259,283,0.900146,0.880127,0.880127,0.810059,0.780029,0.810059,0.780029,0.870117,0.709961,0.76001,0.699951,0.77002,0.76001,0.72998,0.800049,0.72998,-12.75,-19.3125,-34.5625,-14.625,-5.6875,-15.375,-33.125,-26.125,-28.345673,-37.958553,-41.815777,-28.301861,-23.225,-36.788872,-40.925892,-33.584969,18.724638,18.681234,24.075108,16.794275,14.827199,15.444073,21.47434,19.935284,42.984524,43.537945,38.275494,48.863785,34.590557,40.204037,42.767368,43.640797,33.323334,32.06007,29.774269,29.909824,41.739368,32.790543,25.495642,28.504562,4.967503,5.720754,7.87513,4.432112,8.842878,11.561348,10.262642,7.919356,44.946404,40.073528,20.966543,42.803314,55.589355,44.548737,24.823696,26.671167,37.5,4.570313,631,7.3125,273
2985580,141,270,320,246,330,321,231,286,-48.9375,-51.8125,-53.5,-49.5625,-52,-51.0625,-52.4375,-49.0625,15.875,10.9375,4.25,11.375,5.9375,8.25,9.1875,11.8125,31.125,30.375,31.375,31.125,30,32.875,28.8125,41.5,17.625,12.75,10.1875,14.6875,11.9375,10.125,10.0625,10.5625,41,45,49,46,47,48,48,46,141,270,320,246,330,321,231,286,0.839844,0.879639,0.860107,0.820068,0.819824,0.780029,0.75,0.880127,0.76001,0.720215,0.679932,0.719971,0.720215,0.719971,0.77002,0.689941,-18.625,-18.375,-36.9375,-13,-11.625,-14.125,-31.8125,-26.375,-34.585358,-31.917309,-44.327423,-26.542969,-36.231251,-36.540966,-39.809948,-32.868843,21.539759,16.179739,24.386993,16.171387,17.643726,18.613808,26.805588,20.856213,42.356144,46.276604,36.390667,46.582481,37.922169,40.50386,39.208538,43.911163,30.966934,32.265324,31.101814,32.435707,37.317013,30.925528,23.456717,28.395275,5.137162,5.278333,8.120528,4.810424,7.117095,9.956802,10.52916,6.837349,37.480679,40.074905,19.513992,44.117649,49.237804,44.005959,24,25.051762,37.5,4.179688,632,6.609375,268
2987120,144,281,325,260,320,283,238,287,-47.1875,-53.125,-50.5,-50.125,-51.5625,-52.125,-52.6875,-49.3125,19.4375,10.3125,3.25,11.125,7.1875,10.5,8.4375,11.3125,31.375,31.375,31.375,32.5625,30.25,32.375,33.25,40.75,18.4375,13.8125,8.9375,15.1875,11.125,10.25,16,10,39,44,49,45,47,47,47,45,144,281,325,260,320,283,238,287,0.809814,0.889893,0.839844,0.779785,0.799805,0.826904,0.840088,0.849854,0.73999,0.699951,0.669922,0.73999,0.709961,0.663086,0.689697,0.709961,-14.875,-17.6875,-35.625,-14.1875,-9.8125,-15.625,-34.1875,-25.875,-28.462906,-35.772442,-42.079193,-27.951145,-27.686693,-36.747761,-40.683167,-33.579201,23.10165,16.922846,25.454763,16.334776,15.759091,17.14208,29.815117,21.584249,42.768681,44.365589,37.157314,46.742088,35.578159,41.188515,42.13364,42.999882,29.96077,32.504116,29.420242,31.828876,39.964973,29.625771,22.225021,27.256674,4.168901,6.207453,7.967681,5.094256,8.697777,12.043631,5.826217,8.159201,41.129673,41.93787,18.354912,43.46183,51.031322,43.195267,21.527273,26.023594,38.5,4.292969,633,6.613281,267
2988660,139,265,317,262,309,298,231,283,-47.4375,-50.4375,-52.1875,-49,-51.375,-51.0625,-51.75,-48.5625,16.625,9.9375,3.875,11.375,6.75,10.125,8.125,12.25,31.375,31.125,29.625,32.3125,30.25,31.4375,32.75,40.75,18.1875,15.3125,8.875,14.3125,11.5,9.625,14.625,10.0625,40,45,49,45,47,48,47,45,139,265,317,262,309,298,231,283,0.84668,0.919922,0.849854,0.800049,0.790039,0.809814,0.77002,0.869873,0.709961,0.630127,0.630127,0.699951,0.709961,0.640137,0.73999,0.660156,-15.9375,-18.875,-35.3125,-11.8125,-7.75,-15.375,-32.625,-25.875,-30.24053,-32.479607,-42.175102,-26.850353,-35.267708,-36.503849,-40.130997,-31.966507,21.642179,17.239187,25.837675,15.82081,17.380718,17.488346,28.211239,19.988853,45.660778,46.785946,37.049553,46.501083,35.69669,40.186604,41.433353,44.458004,29.250198,31.338428,30.270178,32.719669,39.086887,30.311081,23.230497,26.508669,3.446842,4.636433,6.842597,4.958437,7.835705,12.013968,7.124907,9.044473,39.968281,39.070831,20.373135,45.734051,53.445637,43.257576,22.633137,25.402378,38.5,4.328125,634,6.667969,263
2990180,124,272,314,250,303,305,223,271,-46.375,-52.0625,-51.9375,-49.3125,-50.25,-50.8125,-50.8125,-49.0625,22.8125,9.4375,4.8125,10.9375,5.75,8.8125,8.9375,11.8125,30.3125,31.375,30.875,31.8125,29.5,32.125,31.5,40.5,18.875,14.9375,9.8125,14.75,11.8125,9.9375,12.1875,11.5,37,44,49,44,46,47,46,44,124,272,314,250,303,305,223,271,0.810059,0.939941,0.849854,0.790039,0.77002,0.790039,0.800049,0.860107,0.72998,0.630127,0.620117,0.699951,0.709961,0.669922,0.719971,0.679932,-14.75,-17.6875,-33.75,-14.1875,-11.125,-12.3125,-30.6875,-25.875,-31.963001,-35.789688,-41.251831,-28.3333,-33.806252,-36.738258,-38.828758,-32.488338,22.813578,18.152622,26.332771,16.782921,17.996151,18.276587,26.284998,21.130407,42.798901,46.502895,36.34898,45.551662,37.246487,39.99498,41.340111,43.718594,31.864485,30.637342,29.799784,32.521999,37.497536,30.640579,23.421869,26.442524,2.523038,4.707147,7.518466,5.143417,7.259821,11.087855,8.953018,8.708478,41.238792,41.417912,21.962265,43.297379,49.059563,46.420498,24.449507,25.889742,39,4.183594,635,6.359375,257
2991720,133,255,322,251,296,320,225,256,-45.0625,-49.375,-51.125,-50.4375,-50.25,-52.6875,-50.5625,-49.0625,19.5625,10.4375,3.5625,10.875,7.75,8.125,7.25,12.9375,30.3125,31.375,31.625,32.3125,29.5,32.375,28.25,40.75,17.625,15.75,10.6875,15.1875,11.4375,9.75,9.5,10.5625,38,44,49,45,45,48,47,44,133,255,322,251,296,320,225,256,0.820068,0.860107,0.879883,0.840088,0.780029,0.830078,0.899902,0.850098,0.719971,0.679932,0.620117,0.679932,0.699951,0.649902,0.600098,0.689941,-11.5625,-15.8125,-34.5625,-13.25,-10.3125,-13.625,-32.375,-23.875,-31.400002,-31.336309,-42.304947,-28.584797,-31.825001,-38.373116,-39.391556,-31.665049,22.555759,18.031969,26.292252,16.319069,16.850876,18.680052,29.665873,18.597815,42.662598,47.900356,36.600201,45.77858,37.406071,39.6441,40.030392,43.543873,31.775955,30.813446,29.616333,32.767574,38.345852,31.946829,22.305309,27.51985,3.005692,3.25423,7.491213,5.134778,7.397201,9.729016,7.998428,10.338469,43.826656,41.563465,20.435762,44.939579,50.078369,45.922115,22.296793,28.044537,38.5,4.363281,636,6.722656,257
2993240,148,265,306,248,309,304,236,265,-45.3125,-50.9375,-51.75,-49.3125,-50.9375,-50.8125,-50.125,-48.3125,12.625,9.9375,5.375,12.125,7,9.0625,7.5,12.4375,30.5625,30.375,29.625,31.5625,29.75,31.4375,32.25,39.5625,17.5625,14.5,8.5625,16,12.25,9.8125,14.0625,10.0625,42,44,49,44,46,47,47,44,148,265,306,248,309,304,236,265,0.810059,0.890137,0.830078,0.790039,0.790039,0.806885,0.810059,0.870117,0.689941,0.649902,0.619873,0.689941,0.679932,0.633057,0.659912,0.659912,-11.5625,-18.375,-33,-14.625,-10.0625,-17.875,-30.9375,-24.375,-29.647915,-34.605835,-40.870289,-28.308273,-28.174166,-37.529606,-38.546787,-31.878168,22.284943,18.204533,24.959585,15.675783,17.032904,18.604273,30.332638,20.527632,44.335995,45.212215,37.343201,48.328247,36.611168,39.663174,40.061634,44.190235,30.085342,31.329145,30.284691,31.264162,39.547138,30.372974,23.213934,25.928467,3.29372,5.254105,7.412523,4.73181,6.808788,11.359582,6.391792,9.353663,44.009781,40.04612,22.624435,42.890263,50.658405,40.045593,23.292868,27.240398,39,4.328125,637,6.582031,260
2994720,153,249,323,244,290,280,240,246,-44.25,-48.875,-50.9375,-49.3125,-48.6875,-48.75,-49.875,-47.125,15.125,9.75,5.375,10.4375,8.125,9.625,9.4375,12.4375,30.0625,31.375,30.875,29,29.75,31.1875,32.25,39.8125,15.875,16.6875,9.5625,13.375,12.875,9.875,13.375,11.125,39,43,47,43,45,45,45,42,153,249,323,244,290,280,240,246,0.800049,0.830078,0.850098,0.780029,0.73999,0.840088,0.780029,0.860107,0.689941,0.669922,0.589844,0.679932,0.689941,0.589844,0.669922,0.629883,-11.75,-17,-33,-15.375,-5.6875,-13.125,-29.5625,-23.4375,-27.618055,-33.254997,-39.794121,-29.36202,-21.196877,-35.648548,-37.022133,-30.937075,22.279871,20.147631,24.698776,16.994896,15.501137,19.195969,23.715429,21.328869,41.982426,47.881428,37.46925,47.716797,35.052578,40.101521,42.339115,43.191868,31.343075,29.342577,30.063782,29.995129,42.94944,31.265358,26.080778,26.144732,4.394627,2.628368,7.768196,5.293181,6.496844,9.437151,7.864676,9.334529,43.26123,39.719627,21.925133,42.588234,54.820717,44.566067,24.733637,27.246586,40.5,3.972656,638,5.882813,253
2996240,136,251,313,243,303,278,263,269,-45.3125,-49.125,-49.0625,-47.9375,-47.8125,-49.625,-49.875,-48.3125,18.1875,8.9375,3.75,10.1875,7.125,9.75,7.1875,12.875,30.0625,31.375,30.875,28.0625,29.75,31.1875,30.9375,39.8125,17.5,16.75,10.3125,12.25,11.4375,10.5,12.4375,10.8125,38,44,48,44,45,46,46,44,136,251,313,243,303,278,263,269,0.800049,0.830078,0.820068,0.790039,0.77002,0.840088,0.900146,0.880127,0.699951,0.689941,0.619873,0.679932,0.669922,0.619873,0.579834,0.619873,-13.5625,-17.9375,-32,-13.5,-9.375,-12.3125,-30.6875,-22.9375,-26.9375,-34.061378,-39.755592,-27.522825,-30.609287,-35.428017,-37.915184,-30.983681,22.851194,21.040291,26.811806,17.547949,17.110455,18.821062,27.827221,19.22468,44.52401,47.138752,36.699707,46.875317,37.353245,40.878422,43.235168,44.869751,29.028786,28.841862,29.05286,31.130022,38.283596,31.380003,23.007778,26.614532,3.596014,2.979093,7.435625,4.446712,7.2527,8.920515,5.929832,9.291039,42.122719,38.742237,21.344801,43.454258,49.678455,46.171696,23.453997,28.794327,39,4.054688,639,6.164063,257
2997740,132,247,306,265,300,293,230,268,-44.25,-48.1875,-49.3125,-48.75,-48.6875,-49,-51.0625,-47.5625,16.4375,9.0625,3.875,9.625,8.25,9.1875,10.125,10.625,30.0625,30.875,30.875,30.625,29.75,30.9375,32.5,38.8125,18.5625,16.4375,10.4375,14.0625,13,9.0625,14.5625,11.25,40,45,48,44,45,46,46,45,132,247,306,265,300,293,230,268,0.810059,0.830078,0.830078,0.790039,0.850098,0.800049,0.76001,0.860107,0.689941,0.679932,0.619873,0.679932,0.579834,0.649902,0.699951,0.639893,-13.5625,-18.375,-33,-16.5,-8.4375,-13.625,-30.4375,-24.8125,-27.200367,-32.808418,-39.957626,-29.366489,-26.010267,-36.323589,-38.069168,-32.25,23.526533,20.745577,27.145893,17.57321,14.537825,19.570652,22.354773,23.352377,47.402088,47.414761,37.390427,47.528366,37.504066,39.322544,42.116035,42.911999,27.456257,29.268547,28.970394,29.760996,41.895473,31.356373,26.807743,25.807766,1.615122,2.571114,6.493285,5.137432,6.062634,9.750436,8.721449,7.927861,40.848587,37.707512,20.342945,40.629921,52.265625,44.253323,24.682123,26.33864,40,3.996094,640,5.996094,255
2999240,129,237,293,243,297,282,244,273,-44.5625,-48.375,-48.4375,-47.6875,-48.875,-49.4375,-49.4375,-47.375,17.4375,9.75,4.3125,10,7,8.75,9,10.875,29.25,30.125,28.8125,31.3125,29.75,31.1875,31.75,39.5625,17.25,16.0625,9.125,16.5625,11.6875,11.125,13,12.75,39,44,48,44,46,47,47,46,129,237,293,243,297,282,244,273,0.800049,0.880127,0.790039,0.800049,0.75,0.810059,0.780029,0.860107,0.689941,0.619873,0.649902,0.659912,0.659912,0.609863,0.679932,0.619873,-16.75,-18.625,-32.75,-14.1875,-8.9375,-16.875,-29.5625,-24.125,-28.491964,-32.365219,-39.459431,-27.46257,-30.834377,-36.751419,-36.755238,-31.436413,22.978832,19.492569,26.230188,17.923582,17.390261,20.198282,25.123444,22.913149,45.204182,48.3787,37.484257,48.433395,37.533405,41.467701,43.093594,45.375641,29.755413,29.244078,29.946724,29.64274,38.109035,29.471203,24.377565,24.865471,2.061573,2.88465,6.338836,4.000283,6.967299,8.862816,7.405396,6.84574,37.145241,37.694706,19.904837,42.405064,50.79491,40.387596,24.48037,26.743349,40,4.070313,641,6.105469,249
3000700,129,247,300,240,297,284,228,259,-44.5625,-48.375,-47.8125,-47.125,-50.0625,-49.625,-48.9375,-47.375,19.4375,10.8125,2.875,9.6875,6.0625,8.875,8.0625,11.6875,30.3125,31.625,30.625,31.5625,27.875,31.1875,31.75,39.5625,19.4375,17.625,10.5,15.8125,12,10.25,13.875,12.9375,43,48,53,49,51,51,51,50,129,247,300,240,297,284,228,259,0.860107,0.860107,0.77002,0.780029,0.780029,0.800049,0.803467,0.860107,0.639893,0.659912,0.679932,0.679932,0.659912,0.639893,0.656494,0.639893,-14.625,-16.5,-34.0625,-14.875,-11.125,-16.625,-30,-24.375,-28.226788,-31.449999,-39.977692,-27.665277,-37.495609,-36.535328,-37.577015,-30.996496,23.509111,19.200073,27.980597,18.342487,18.581221,19.653254,28.302711,21.727293,44.878273,48.899155,36.842625,46.758686,37.401535,41.226395,39.939297,44.99511,29.249582,29.716984,28.927973,30.265871,36.418922,30.166267,22.433781,25.273598,2.363039,2.183792,6.248801,4.632961,7.598332,8.954081,9.324215,8.003995,39.983307,39.84375,17.529881,40.984909,49.444443,40.835266,23.470179,26.455788,41,4.238281,642,6.191406,248
3002200,133,241,290,248,285,280,223,251,-44,-48.1875,-47.25,-49,-48.6875,-49.625,-47.9375,-46.9375,17,9.625,3.125,10.375,8.1875,9,8.0625,12,30.0625,30.625,30.875,26.5,29.25,28.75,32.5,39.0625,18.875,15.9375,10.75,9.3125,12.1875,8.125,13.5625,10.5,39,43,47,42,46,46,45,44,133,241,290,248,285,280,223,251,0.820068,0.83667,0.829834,0.790039,0.75,0.73999,0.810059,0.870117,0.679932,0.65332,0.600098,0.679932,0.679932,0.699951,0.649902,0.629883,-12.5,-16.25,-32,-16.9375,-4.5,-15.875,-29.5625,-23.875,-27.212502,-33.079437,-38.903122,-30.184654,-22.479715,-37.140965,-37.429256,-30.664063,22.50576,19.925789,28.664249,16.880121,15.914384,19.455498,24.581062,21.489664,45.11491,46.524158,37.195057,47.04863,34.726368,39.230072,39.294926,42.636196,30.397415,29.781181,27.954653,30.188572,42.574856,30.734802,27.019093,26.781071,1.981916,3.768874,6.186041,5.882679,6.784389,10.579631,9.104922,9.093071,42.531647,40.395256,19.52,40.3937,56.696068,42.687748,23.082882,26.81686,40,4.089844,643,6.136719,243
3003700,140,236,308,257,296,272,231,255,-44.25,-47,-50.125,-46.625,-48.6875,-48.0625,-49.4375,-46.9375,9.0625,9.5625,3.375,10,7.25,9.6875,8.5625,11.4375,30.3125,31.875,30.875,31.5625,28.6875,28.5,31.75,38.8125,17.375,17.75,10.1875,16.8125,12,7.875,13.0625,12.125,43,44,48,44,47,47,46,45,140,236,308,257,296,272,231,255,0.800049,0.910156,0.869873,0.859863,0.77002,0.73999,0.77002,0.860107,0.679932,0.589844,0.580078,0.580078,0.639893,0.679932,0.689941,0.629883,-13,-16.25,-35.3125,-14.1875,-6.8125,-12.3125,-31.125,-24.8125,-36.637814,-30.534653,-41.390087,-27.830744,-24.583334,-35.522049,-37.885204,-30.853626,25.839811,19.736473,26.750322,17.801929,17.145187,19.965294,25.746387,22.264725,40.628052,49.486141,36.934002,48.36898,36.37505,39.539459,41.579296,44.163658,29.234076,28.480984,29.042614,29.45705,40.043217,31.278042,24.377577,26.485205,4.298059,2.296405,7.273059,4.372037,6.436547,9.21721,8.296738,7.086412,41.771091,39.3223,18.287037,41.858616,54.119545,45.396824,22.555811,25.801748,40,3.882813,644,5.824219,249
3005200,141,247,289,253,283,274,230,262,-45.625,-47.6875,-47.8125,-48.1875,-48.4375,-50.375,-48.9375,-48.0625,15,9.125,2.75,9.75,7.9375,8.125,10.6875,11.6875,30.5625,29.625,28.5625,30.375,28.6875,27.8125,32.25,38.5625,19,14.8125,8.9375,13.8125,12.4375,7.4375,14,10.125,40,44,48,44,45,46,45,45,141,247,289,253,283,274,230,262,0.810059,0.939941,0.840088,0.790039,0.76001,0.76001,0.780029,0.880127,0.689941,0.570068,0.609863,0.669922,0.649902,0.689941,0.689941,0.609863,-16.75,-16.75,-31.75,-13.6875,-8.9375,-16.375,-28.3125,-25.3125,-30.703125,-33.103737,-39.690468,-28.581013,-27.66643,-37.893497,-35.772896,-31.745001,24.447832,19.073627,28.131035,17.383463,16.154886,20.051964,22.79582,20.766428,45.083633,47.882526,37.34964,46.465923,36.988888,40.161137,44.296909,43.469826,28.417683,29.041409,27.824125,30.918964,39.134579,29.860291,26.446003,26.642096,2.050852,4.002432,6.695201,5.23165,7.721653,9.926607,6.461268,9.121652,37.899918,40.282131,20.722134,43.914078,51.215561,42.072697,25.404158,26.262627,40,3.960938,645,5.941406,247
3006700,139,225,292,254,307,274,219,244,-45.0625,-47,-48.4375,-47.125,-49.375,-53.1875,-48.6875,-47.125,12.5625,9.625,2.9375,10.375,7.8125,13.5625,7.25,12.1875,28.9375,31.375,28.25,32.3125,28.9375,27.1875,32.5,39.3125,17.9375,17.3125,7.9375,15.625,12.875,6.8125,13.4375,10.9375,41,44,48,45,45,47,46,44,139,225,292,254,307,274,219,244,0.810059,0.919922,0.859863,0.77002,0.75,0.780029,0.800049,0.860107,0.699951,0.580078,0.600098,0.679932,0.679932,0.639893,0.659912,0.639893,-15.4375,-14.8125,-33.15625,-12.3125,-9.5625,-13.375,-30.9375,-24.625,-31.835461,-33.138458,-39.886105,-27.51778,-31.602457,-34.854465,-37.881836,-31.130262,23.514118,20.575865,28.254309,17.695292,16.598124,14.594081,28.892405,20.620665,45.375519,47.176949,36.503498,45.99221,39.110306,39.595604,38.984787,42.245338,28.696676,29.685402,28.598743,31.658878,38.855888,35.468697,21.215816,27.462626,2.413684,2.561787,6.643453,4.653623,5.435686,10.341619,10.906996,9.671366,40.033783,41.255962,19.396553,43.823761,50.837986,47.325409,21.862972,26.030367,40,3.902344,646,5.855469,244
3008280,142,267,343,240,307,281,255,288,-47.1875,-50.9375,-53.9375,-51.0625,-52.25,-52.9375,-53.6875,-50.8125,8.6875,9.4375,2.5625,10.375,6.9375,9,9.125,11.625,31.9375,32.125,32.6875,31.8125,29.75,31.4375,34.25,40.3125,18.25,15.25,9.1875,16.375,12,11,12.8125,9,46,47,50,45,47,49,47,46,142,267,343,240,307,281,255,288,0.850098,0.860107,0.840332,0.840088,0.810059,0.900146,0.790039,0.880127,0.73999,0.719971,0.709717,0.719971,0.719971,0.619873,0.76001,0.699951,-12.5,-16.75,-18.0625,-15.125,-12.9375,-32.8125,-35.25,-27.75,-28.003122,-35.917286,-46.089264,-29.785366,-29.247284,-39.369583,-41.078125,-34.546486,24.879545,19.327883,23.63257,16.962072,16.189283,19.42058,25.026104,20.466923,40.19701,45.582066,37.61792,47.717281,38.783138,40.282661,40.909031,41.463364,32.225548,30.337603,30.535337,30.492798,38.075283,31.180998,25.391785,28.011942,2.697895,4.75245,8.214173,4.827847,6.952298,9.115763,8.673074,10.057775,43.838863,41.158764,41.414143,43.363499,47.942074,23.851852,20.966595,25.308641,37.5,3.878906,647,6.132813,265
3009920,153,253,316,235,286,277,232,268,-48.1875,-51.8125,-51.9375,-50.4375,-51.375,-52.9375,-53.4375,-50.3125,18.375,9.9375,3.3125,11.1875,8.125,9.875,9.875,12.0625,32.1875,30.625,32.6875,32.3125,30,32.125,34.25,40.5,16.1875,13.5625,10.125,17.625,12.5625,11.375,14.375,9.9375,41,46,50,46,48,50,49,49,153,253,316,235,286,277,232,268,0.839844,1,0.899902,0.829834,0.919922,0.889893,0.790039,0.919922,0.77002,0.659912,0.699951,0.77002,0.639893,0.669922,0.789795,0.699951,-15.9375,-18.625,-16,-16.9375,-10.3125,-16.875,-33.625,-26.875,-28.649185,-33.569836,-43.731148,-28.93166,-28.370911,-37.961319,-40.461266,-34.055786,18.046829,15.841429,24.385334,16.532667,14.99531,18.160379,24.614576,20.518511,42.14188,46.171268,38.54026,48.875751,37.132793,42.099461,42.322739,42.994976,33.712215,32.416447,29.11467,30.372822,40.68182,30.493275,23.628754,28.202692,6.099077,5.570854,7.959729,4.218756,7.190079,9.246881,9.433931,8.283821,40.124416,40.643276,42.466766,40.483383,50.683891,42.395298,22.59444,25.808672,36.5,4.132813,648,6.78125,252
3011520,134,240,304,234,252,269,234,255,-46.875,-51.5,-52.8125,-49.5625,-50.5,-51.625,-53.1875,-50.0625,19.0625,11.4375,5.125,10.75,9.5625,9.625,8.625,11.875,31.375,31.625,31.875,31.3125,29.25,31.4375,34,40.3125,18.5,15.3125,9.75,15,11.6875,10.75,14.1875,11.8125,40,46,50,46,46,49,48,47,134,240,304,234,252,269,234,255,0.870361,0.920166,0.890137,0.820068,0.780029,0.880127,0.790039,0.910156,0.769775,0.699951,0.689941,0.75,0.76001,0.659912,0.77002,0.689941,-16.25,-17.1875,-35.625,-14.4375,-8,-16.875,-35,-28.375,-27.521875,-31.881489,-42.8853,-28.31418,-26.939739,-38.332886,-41.103138,-33.942947,19.324951,16.4783,23.259632,16.245075,15.082473,19.112291,26.25511,21.365278,44.573631,47.189255,38.275345,46.942841,35.682632,40.795383,40.611629,43.32637,31.728346,31.592421,30.524086,31.809893,41.246166,31.036175,22.380674,27.457777,4.373069,4.740026,7.940939,5.002191,7.988737,9.056155,10.752584,7.850578,39.137383,41.278194,20.295202,43.431221,52.959503,41.835968,20.860214,23.997234,37.5,3.9375,649,6.300781,240
3013100,143,241,295,249,260,273,212,285,-47.4375,-51.25,-50.5,-49.875,-51.8125,-51.0625,-51.0625,-49.5625,16.5,11.3125,3.1875,10.3125,8.0625,9.4375,9.375,11.375,31.625,31.375,29.875,32.0625,24.9375,31.1875,33,40.75,19.4375,15.4375,8.5625,14.6875,6.3125,9.875,13.0625,9.9375,40,45,49,45,46,49,48,47,143,241,295,249,260,273,212,285,0.880127,0.889893,0.849854,0.829834,0.810059,0.909912,0.930176,0.909912,0.759766,0.689941,0.700195,0.73999,0.749756,0.620117,0.619873,0.689941,-15.4375,-18.125,-35.625,-14.875,-14.625,-14.125,-33.375,-25.0625,-28.676563,-33.007332,-42.336365,-29.307999,-30.994999,-37.666317,-38.919689,-33.233086,18.982712,16.896196,26.098351,16.564707,15.927712,19.104311,26.905853,20.574261,47.135361,45.364655,37.194061,47.688545,35.940407,40.222214,39.559635,44.177467,31.555897,31.815634,29.682747,30.548561,38.710472,31.681952,24.542498,26.69195,2.32603,5.923519,7.024843,5.198182,9.421408,8.99152,8.992009,8.556321,40.474308,39.969833,18.112633,42.715485,45.734051,44.908817,21.275019,27.128029,37.5,3.9375,650,6.222656,244
3014680,134,231,298,224,314,294,228,233,-46.875,-50.1875,-50.5,-47.9375,-53.3125,-49.875,-52.9375,-48.5625,15,10.9375,4.25,10.875,6.0625,7.3125,7.25,12.6875,30.5625,32.375,31.875,31.8125,30.25,32.625,30.6875,40.75,17.5,17.125,11.3125,17.5,12.75,10.3125,11.5,14.375,41,44,49,44,48,50,49,46,134,231,298,224,314,294,228,233,0.840088,0.919922,0.889893,0.800049,0.810059,0.789795,0.810059,0.899902,0.73999,0.680176,0.650146,0.73999,0.72998,0.700195,0.73999,0.680176,-14.875,-17,-34.8125,-13.5,-13.5,-29.0625,-35,-25.0625,-35.803703,-31.562141,-41.265076,-27.045109,-33.237499,-37.001785,-41.632942,-31.806553,22.472454,17.378031,25.49201,17.083092,16.929527,20.739456,29.379395,21.596918,41.034191,49.577782,37.972088,47.531189,36.956249,40.58897,41.405441,45.848656,32.106472,30.230886,29.643539,30.883583,37.808304,30.398741,21.289085,26.180283,4.386886,2.8133,6.892365,4.502137,8.305919,8.272829,7.926077,6.374144,41.157555,40.556808,19.044006,43.18182,47.643982,25.227272,21.056492,26.312107,37.5,4.109375,651,6.496094,244
3016240,139,251,281,226,274,287,198,253,-46.875,-50.6875,-50.9375,-49.5625,-50.6875,-52.125,-53.9375,-48.5625,20.125,10.125,5.3125,10.8125,7.9375,8.875,14.1875,12,31.125,31.875,29.125,31.8125,31.0625,32.375,34.5,40.5,18.625,16,7.6875,17.8125,12.75,10.3125,16.3125,10.6875,38,45,48,43,45,47,46,44,139,251,281,226,274,287,198,253,0.840088,0.920166,0.880127,0.820068,0.800049,0.860107,0.820068,0.890137,0.73999,0.679932,0.639893,0.72998,0.719971,0.639893,0.719971,0.689941,-11.75,-17.9375,-33.75,-15.375,-8.6875,-15.875,-30.4375,-24.125,-26.900936,-33.158398,-40.601768,-28.58066,-26.416248,-38.233322,-36.466038,-32.684425,18.31506,18.302616,24.89262,16.9744,16.033092,19.099888,17.532721,21.137541,43.224632,46.793369,36.69828,49.62413,35.284409,40.298576,43.361786,44.488735,34.894783,29.76334,30.408665,29.510044,39.695934,30.201698,26.497406,25.134586,3.565526,5.140675,8.00043,3.891423,8.98657,10.399835,12.608088,9.239132,45.032051,39.66692,20.880791,42.012291,51.376144,42.89941,26.572439,27.438597,38,3.96875,652,6.191406,238
3017840,137,246,290,239,272,281,211,242,-47.4375,-50.1875,-49.6875,-48.1875,-51.5625,-50.375,-51.3125,-48.8125,15.3125,10.3125,3.625,10.3125,6.625,9.5,8.5,12.75,30.875,32.125,31.625,31.5625,30.5,32.125,33.25,40.0625,17.0625,15.875,10.3125,16,12.75,10.5,14.375,11.625,41,46,49,45,48,49,48,45,137,246,290,239,272,281,211,242,0.869873,0.919922,0.880127,0.790039,0.780029,0.860107,0.920166,0.899902,0.72998,0.669922,0.659912,0.72998,0.75,0.639893,0.599854,0.679932,-14.875,-16.75,-34.0625,-12.3125,-9.8125,-16.375,-31.8125,-23.875,-37.3125,-32.844643,-41.294701,-27.139191,-28.777298,-37.153717,-39.113388,-31.917969,23.022352,18.52594,26.402817,16.667049,17.17775,19.542852,27.54567,20.038465,40.818138,47.247967,37.674831,46.755085,36.52298,41.366531,40.948475,44.014027,30.853468,30.544546,28.681078,31.621609,39.542286,30.595818,21.787548,26.753107,5.306034,3.681544,7.241277,4.956258,6.756993,8.4948,9.718308,9.1944,41.580208,40.622627,19.215988,44.984325,50.875854,41.21212,23.455883,28.059071,37.5,4.042969,653,6.472656,239
3019400,132,231,278,227,293,285,207,248,-46.375,-47.9375,-49.5,-49.3125,-51.5625,-52.6875,-49.625,-47.5625,18.6875,10.0625,3.5,10.6875,7.25,9.75,7.375,12.125,30.5625,30.125,31.625,31.125,30,31.875,33,39.5625,19.5,14.6875,10.625,16.25,12.375,10.4375,14.375,10.6875,40,46,49,46,47,49,48,46,132,231,278,227,293,285,207,248,0.859863,0.869873,0.869873,0.799805,0.819824,0.899902,0.919922,0.899902,0.720215,0.670166,0.650146,0.700195,0.700195,0.580078,0.600098,0.660156,-16.25,-14.5625,-34.8125,-15.125,-13.5,-13.875,-31.5625,-24.125,-30.865282,-31.048077,-40.91856,-27.399837,-33.519447,-36.015076,-38.529671,-31.311134,22.585794,18.0641,26.989969,16.550198,17.023369,16.572725,30.707958,20.035343,43.460476,46.579548,36.840115,45.69899,38.490902,40.135574,38.467991,44.041679,30.811813,32.003075,28.681702,32.071865,37.530663,33.735207,22.62088,27.146526,3.141914,3.353272,7.488211,5.67895,6.95507,9.556493,8.203174,8.776447,39.155159,42.757011,18.104776,42.501942,46.666668,45.898006,22.563719,26.901003,38,4.039063,654,6.304688,237
3020940,141,237,287,237,274,256,226,246,-46.375,-49.375,-48.625,-48.1875,-48.25,-50.5625,-51.5,-49.3125,19.6875,9.625,4.5625,10.6875,9.125,10.375,8.5,12,30.875,31.125,31.875,31.3125,30.25,30.1875,29.0625,39.5625,16.6875,16.25,11.25,15.875,12.3125,8.9375,10.4375,12.1875,39,45,48,44,45,47,47,46,141,237,287,237,274,256,226,246,0.820068,0.850098,0.839844,0.800049,0.800049,0.800049,0.800049,0.889893,0.719971,0.709961,0.660156,0.699951,0.689941,0.699951,0.719971,0.650146,-15.1875,-19.0625,-32,-14.625,-11.375,-15.125,-32.625,-26.125,-37.839584,-33.448292,-38.963634,-27.77964,-25.145718,-37.887535,-40.255409,-33.164581,21.964483,19.949261,26.208433,16.993465,15.345613,20.066175,24.877762,22.58684,41.545265,47.444405,37.980728,48.262138,38.193935,39.895458,41.092709,43.976044,31.559744,29.058271,28.991497,29.986498,39.737949,29.955894,26.543777,25.809332,4.930511,3.54806,6.819346,4.757897,6.722497,10.08247,7.48575,7.627787,40.241936,37.655277,20.652174,42.21698,46.974522,43.348625,22.337278,26.090014,38.5,3.855469,655,5.9375,238
3022500,163,236,269,231,274,257,206,266,-44,-49.6875,-48.625,-48.1875,-50.9375,-48.75,-49.875,-49.0625,18.75,11.375,2.75,11.5,7.25,9.6875,9.1875,12,30.5625,31.125,30.875,31.3125,30.8125,30.9375,33,39.5625,15.375,16.1875,10.1875,15.6875,12.9375,10.75,14.25,10.25,39,44,49,43,47,47,47,46,163,236,269,231,274,257,206,266,0.820313,0.900146,0.880127,0.890137,0.820068,0.830322,0.790039,0.900146,0.739746,0.679932,0.639893,0.639893,0.699951,0.649658,0.73999,0.669922,-9.75,-16.25,-35.625,-14.625,-11.375,-13.375,-30.1875,-25.625,-22.355434,-31.218838,-41.421791,-28.148914,-25.972425,-35.913383,-37.991226,-31.967726,19.3367,16.897526,27.087381,14.9671,16.566057,19.901237,26.474106,21.044905,41.169193,46.734802,37.546707,47.727631,36.943722,40.93119,41.738052,45.1329,35.648026,32.021824,28.436548,32.482086,39.342484,30.057537,25.165331,25.738451,3.846076,4.34585,6.929364,4.823182,7.147739,9.110041,6.622511,8.083753,45.439468,41.376644,16.61442,43.199383,48.394497,44.392159,23.755655,26.445698,38,3.878906,656,6.050781,237
3024060,171,225,265,233,243,260,204,256,-46.625,-48.625,-47.25,-47.9375,-48.6875,-49.875,-49.875,-48.5625,13.375,10.1875,2.9375,10.375,10.25,9.375,8.25,12.1875,31.625,31.125,29.875,30.375,30,29.9375,33.5,38.8125,19.0625,16,9.875,14.375,12,9.1875,15.8125,9.9375,42,44,49,44,45,47,47,46,171,225,265,233,243,260,204,256,0.849854,0.909912,0.829834,0.819824,0.920166,0.850098,0.890137,0.850098,0.72998,0.659912,0.660156,0.690186,0.589844,0.649902,0.619873,0.639893,-12.25,-18.375,-32.75,-17.625,-6.3125,-15.625,-32.875,-26.375,-27.202501,-31.415993,-39.69099,-29.150488,-22.514286,-36.838871,-38.93367,-31.934475,21.141941,18.547367,28.138548,17.155588,13.413323,18.873791,28.519487,20.745441,46.306099,46.149017,38.464592,47.260891,33.94791,39.908226,42.908012,43.061192,30.992973,30.833096,27.242464,30.026134,43.462326,31.121534,21.995224,25.633183,1.558986,4.470525,6.154392,5.557385,9.176444,10.096452,6.577277,10.560185,43.92971,37.931034,18.500797,38.707104,54.395603,42.913074,20.389805,25.248932,38,3.859375,657,6.023438,232
3025600,144,232,272,229,251,256,209,268,-44.25,-48.375,-48.625,-47.6875,-49.625,-49,-50.125,-48.3125,15.9375,9.75,3.625,10.5625,9.0625,8.75,8.9375,11.375,31.125,31.625,30.875,31.125,30.5,30.1875,32.25,39.3125,17.875,16.4375,10.875,15.0625,12.5625,9.625,14.25,11,40,44,48,44,45,47,46,46,144,232,272,229,251,256,209,268,0.859863,0.97998,0.860107,0.809814,0.809814,0.819824,0.813232,0.889893,0.76001,0.659912,0.699951,0.77002,0.75,0.73999,0.766602,0.709961,-14.875,-18.375,-33.25,-15.375,-8.6875,-17.875,-31.375,-25.625,-27.19191,-32.960842,-39.826469,-27.449127,-25.729336,-36.635349,-38.339676,-32.362106,21.017113,19.475227,27.906414,16.981308,15.764859,20.373993,26.851753,21.349094,44.919315,47.401794,38.042671,47.529602,36.61335,40.923779,42.695057,43.770615,30.203394,29.472366,27.366415,30.187035,40.08017,28.809258,22.493484,26.084896,3.860176,3.65061,6.684503,5.302061,7.541618,9.892973,7.959703,8.795391,38.971809,37.888199,19.339622,40.999207,51.092045,39.305447,22.761761,25.891584,38.5,3.835938,658,5.910156,232
3027160,148,234,258,231,263,256,208,254,-46.625,-49.375,-47.25,-48.1875,-48.25,-49,-49.875,-48.8125,16.3125,9.5,2.9375,10.0625,8.8125,9.125,9.5625,11.625,30.0625,30.125,30.625,31.3125,30.25,29.4375,33.25,39.8125,17.5,15.375,11,15.75,12,9.0625,15.4375,11.4375,40,45,49,45,46,47,47,46,148,234,258,231,263,256,208,254,0.860107,0.860107,0.859863,0.810059,0.879883,0.819824,0.790039,0.899902,0.719971,0.719971,0.650146,0.709961,0.600098,0.680176,0.73999,0.660156,-15.6875,-18.125,-32.5,-16,-7.5,-17.125,-30,-27.1875,-28.271185,-34.481792,-39.620651,-28.501125,-23.403227,-36.166222,-37.833645,-32.740692,20.918743,20.670738,27.39225,17.975422,13.352293,19.277405,25.683952,21.771832,45.455551,46.419052,38.576591,47.995819,34.438911,40.739307,44.200687,42.396637,29.662239,29.331116,27.61462,29.268795,42.865189,29.707981,24.410658,26.726223,3.963469,3.579094,6.416537,4.759964,9.343607,10.275306,5.704704,9.105306,40.342297,38.699688,19.329075,40.487419,53.250771,40.380051,23.909775,24.400564,38,3.878906,659,6.050781,231
3028720,176,234,288,219,271,264,218,240,-47.9375,-49.125,-50.5,-47.375,-49.625,-48.25,-52.25,-49.0625,13.1875,9.4375,2.5625,10.6875,8.8125,8.375,10.625,11.6875,31.125,30.375,30.875,31.5625,29.75,30.6875,30.6875,39.5625,17.875,16.4375,11.0625,17.4375,11.75,9.625,13,12.0625,42,46,50,45,46,48,48,47,176,234,288,219,271,264,218,240,0.870117,0.870117,0.860107,0.820068,0.909912,0.76001,0.820068,0.910156,0.72998,0.709961,0.659912,0.699951,0.580078,0.719971,0.709961,0.649902,-15.9375,-19.5625,-36.9375,-14.1875,-8.4375,-14.375,-31.5625,-24.625,-29.083652,-33.161793,-43.051777,-27.699219,-26.143749,-36.196857,-38.95256,-33.094624,19.162659,20.361963,26.624701,17.871473,15.149598,20.151932,24.042549,22.253136,45.157394,47.98653,37.627777,49.201153,36.08485,39.192196,44.311596,43.689919,30.515852,28.559483,29.105297,28.759151,40.824512,30.501579,24.72094,26.601475,5.164091,3.092023,6.642223,4.168224,7.941042,10.154294,6.924912,7.455469,40.474308,36.609905,16.666668,42.042755,52.003139,42.913696,24.482248,27.574047,38,3.808594,660,5.941406,238
3030280,145,228,272,230,286,270,200,232,-47.4375,-50.1875,-48.0625,-48.1875,-50.25,-49.875,-49.1875,-47.5625,16.3125,14,2.375,10.9375,7.75,8,8,12.5625,30.3125,31.625,30.875,31.8125,28.9375,30.1875,32.5,39.8125,16.3125,17,11.75,15.875,12.1875,9.6875,14,12.1875,40,45,49,45,47,49,48,46,145,228,272,230,286,270,200,232,0.860107,0.780029,0.860107,0.810059,0.790039,0.840088,0.949951,0.880127,0.709961,0.76001,0.659912,0.699951,0.689941,0.649902,0.570068,0.659912,-18.625,-16.75,-34.5625,-13.9375,-11.625,-14.375,-32.625,-24.375,-31.185173,-31.024265,-41.122917,-26.625402,-31.432434,-37.595612,-38.261501,-31.356817,21.783171,15.492849,27.756224,16.658112,16.357817,20.718002,28.841805,20.716507,42.944672,47.335155,38.328514,46.927567,37.862255,41.098137,39.022839,43.385941,29.566622,33.121983,27.902031,31.752115,37.392986,29.934862,22.489311,26.833578,5.705537,4.050014,6.013233,4.662202,8.38694,8.248992,9.646046,9.063972,37.057877,40.870892,17.298578,42.8125,48.584904,43.928848,20.940819,26.53791,38,3.839844,661,5.992188,232
3031820,141,242,279,227,275,265,222,270,-45.3125,-47.9375,-50.125,-48.4375,-50.25,-49,-50.375,-49.3125,16.8125,10.8125,3.625,11.1875,6.9375,8.8125,5.875,12.8125,31.625,31.375,29.625,31.3125,24.375,31.1875,30.4375,39.3125,20.625,15.625,9.0625,15.625,7.625,9.8125,13.3125,10.8125,40,45,48,45,46,48,48,47,141,242,279,227,275,265,222,270,0.849854,0.880127,0.890137,0.810059,0.790039,0.820068,0.930176,0.889893,0.72998,0.659912,0.639893,0.699951,0.719971,0.659912,0.589844,0.659912,-17,-15.3125,-34.5625,-15.8125,-13.75,-15.375,-33.9375,-25.3125,-27.394413,-30.675962,-41.911411,-26.944221,-32.559746,-36.404049,-40.073769,-31.836855,20.045687,17.623341,26.678635,16.442684,17.188969,19.802855,31.702671,18.799587,45.978241,47.196533,36.86977,46.736179,38.285809,39.294258,39.818466,44.909943,31.144724,31.951309,29.487249,32.067741,37.526867,29.484102,20.063349,27.701637,2.831346,3.228816,6.964343,4.753394,6.998355,11.418785,8.415517,8.588834,36.799351,41.13475,19.280796,40.909092,46.239113,41.932972,19.954988,27.080397,38.5,3.746094,662,5.773438,240
3033360,164,243,268,220,289,257,202,251,-45.875,-49.6875,-47,-47.375,-49.375,-48.25,-50.5625,-48.3125,8.4375,10.0625,2.25,11.375,6.875,8.5625,8.1875,11.6875,30.5625,31.375,30.875,28.5,29.75,29.1875,31.5,38.5625,15.75,14.9375,11.25,13.3125,13.25,8.5625,14.75,11,44,45,48,44,46,48,47,46,164,243,268,220,289,257,202,251,0.839844,0.819824,0.879883,0.789795,0.799805,0.820068,0.779785,0.840088,0.710205,0.730225,0.650146,0.720215,0.700195,0.670166,0.730225,0.650146,-14.625,-16.0625,-33.75,-14.1875,-10.3125,-13.625,-31.5625,-25.3125,-36.061192,-32.847015,-40.474018,-26.991388,-30.969297,-36.245182,-39.221558,-32.520348,23.730112,18.947477,28.175533,16.428652,17.624027,21.479126,30.009212,21.18502,41.076462,46.496803,38.03336,46.997105,37.867908,40.98106,39.53241,42.297688,30.000528,30.374695,27.86285,31.11062,38.662998,29.008623,21.651241,25.774406,5.192892,4.181026,5.928257,5.463621,5.845068,8.531188,8.807139,10.742881,40.584415,41.480339,17.280001,42.548077,49.368088,43.587727,22.8057,26.323318,38.5,3.964844,663,6.105469,236
3034920,149,222,274,229,258,264,202,243,-46.125,-47.4375,-48.875,-47.375,-50.25,-48.25,-50.375,-48.5625,14.375,10.75,3.75,11.5625,7.0625,8.5,7.375,11.875,30.3125,31.875,31.125,32.0625,29.5,31.875,30.4375,39.5625,15.9375,16.875,11.625,16.1875,13.75,11.3125,13,11.9375,42,45,49,44,47,49,48,47,149,222,274,229,258,264,202,243,0.829834,0.820068,0.869873,0.799805,0.809814,0.809814,0.76001,0.879883,0.77002,0.789795,0.699951,0.77002,0.75,0.72998,0.799805,0.719971,-13.25,-14.8125,-34.0625,-14.625,-12.4375,-12.875,-33.375,-25.625,-31.642857,-29.703671,-40.091736,-27.19907,-34.216381,-36.031628,-39.417076,-32.213387,20.821177,18.535498,27.569342,16.760679,18.200357,21.196716,31.399588,21.050993,41.621281,48.055927,37.062386,48.127644,38.629795,40.367683,40.591148,42.968422,31.282511,31.216032,29.272369,30.683449,36.910255,30.231249,19.898003,26.921141,6.275031,2.192538,6.095901,4.428228,6.259597,8.20435,8.111263,9.059443,42.556633,41.13475,18.515625,41.227379,47.413792,44.149765,20.574886,26.028368,38,3.824219,664,5.96875,230
3036460,150,245,263,228,268,257,203,236,-45.3125,-49.6875,-49.3125,-48.1875,-48.6875,-48.25,-50.8125,-48.3125,15.6875,9.875,2.625,11.25,7.9375,7.5625,8.875,11.875,30.0625,32.375,31.625,31.3125,29.25,30.6875,33,39.5625,17.1875,15.75,12.8125,17.0625,12.0625,10.1875,14.4375,12.5625,40,46,49,45,47,48,48,46,150,245,263,228,268,257,203,236,0.779785,0.820068,0.879883,0.799805,0.790039,0.810059,0.790039,0.880127,0.730225,0.73999,0.640137,0.720215,0.679932,0.669922,0.72998,0.659912,-14.0625,-16.5,-35.0625,-15.125,-8.6875,-30.0625,-31.5625,-24.375,-28.184376,-32.831322,-42.169228,-27.238422,-28.607409,-36.628178,-38.727913,-32.486134,21.461721,19.314981,27.85247,16.739082,16.730844,22.299402,29.387081,21.386669,43.146072,47.031853,38.309078,48.587055,36.878693,38.492599,40.410141,42.869915,30.808582,29.295382,27.892422,30.29652,39.23978,29.171106,22.112637,27.008089,4.583622,4.357786,5.946031,4.377345,7.150677,10.036893,8.090144,8.735327,41.186161,40.441738,17.606178,41.588051,51.323174,22.96764,22.967934,27.240398,38.5,3.800781,665,5.855469,231
3038000,166,234,263,239,271,259,205,239,-47.4375,-48.875,-48.875,-48.4375,-50.25,-49.1875,-50.5625,-48.5625,12.6875,10.625,3.4375,10.8125,6.375,8.1875,7.0625,11.375,30.875,31.875,30.625,31.3125,28.375,28.75,31.1875,39.8125,18.25,15.8125,11.5625,16.375,12.8125,8.1875,13.375,12.875,42,45,48,45,48,48,48,47,166,234,263,239,271,259,205,239,0.870361,0.830078,0.830322,0.810059,0.790039,0.820068,0.790039,0.910156,0.729736,0.72998,0.699707,0.699951,0.699951,0.669922,0.72998,0.649902,-15.6875,-17.4375,-33.75,-14.4375,-11.375,-15.625,-33.125,-25.625,-30.596252,-30.646053,-41.362499,-27.541164,-32.140629,-37.280067,-40.06073,-32.881996,22.217173,17.892494,26.470211,16.62534,17.669483,21.086048,31.425985,23.433405,43.277203,47.436188,38.241905,48.284428,37.062527,41.363243,41.214947,43.53735,30.519703,30.680046,29.409826,30.76092,38.372566,29.354359,20.275187,26.22484,3.985918,3.991277,5.878062,4.329307,6.895429,8.196352,7.083883,6.804405,40.542698,38.931889,19.025158,42.633228,49.443562,41.887676,21.120363,25.954739,38.5,3.871094,666,5.964844,234
3039620,174,247,293,244,271,267,215,313,-49.1875,-52.375,-49.875,-52.6875,-52.4375,-52.4375,-52.6875,-51.3125,11.8125,10.8125,2.5,11.4375,8.125,8.3125,9.0625,11.3125,32.1875,30.875,33.1875,32.0625,30.8125,31.625,34,40.3125,16.5,13.5625,10,16.4375,14.125,10.25,13.375,8.1875,44,46,50,46,48,50,48,48,174,247,293,244,271,267,215,313,0.879883,0.899902,0.819824,0.860107,0.839844,0.859619,0.789795,0.890137,0.75,0.73999,0.73999,0.739746,0.719971,0.700195,0.77002,0.679932,-17,-18.375,-36.9375,-17.1875,-12.4375,-17.625,-33.125,-27.1875,-31.741665,-32.580456,-43.113445,-30.654167,-28.931152,-39.590992,-41.203293,-34.928165,20.713518,16.808905,25.430431,15.728168,15.612958,20.387627,24.666079,20.087894,43.311844,45.842602,36.64204,48.277248,37.296276,41.073711,37.586769,42.217491,30.504328,31.833488,29.493889,30.911434,39.948402,28.421986,24.054157,27.248074,5.470306,5.515004,8.433631,5.083142,7.142366,10.116681,13.692991,10.446538,39.554531,40.117992,15.575621,41.887905,48.04805,41.41264,22.56669,26.330149,37,3.90625,667,6.332031,253
3041300,164,249,298,229,254,254,214,237,-50.375,-51.8125,-54.625,-51.625,-51.375,-50.5625,-52.4375,-51.3125,15.625,10.375,2.3125,11.625,8.625,9.0625,7.8125,12.625,32.1875,31.125,29.875,27.8125,30.5,32.375,32.75,40.3125,16.25,14.5,6.5625,13.3125,12.5,11.375,14.9375,10.25,43,48,51,47,49,51,50,48,164,249,298,229,254,254,214,237,0.880127,0.890137,0.850098,0.850098,0.810059,0.859863,0.820068,0.930176,0.849854,0.819824,0.829834,0.819824,0.799805,0.75,0.809814,0.759766,-16.25,-18.625,-18.625,-16.5,-8.1875,-16.375,-33.125,-28.625,-31.404165,-33.583927,-46.500893,-30.172333,-25.097988,-37.718513,-41.138191,-34.955952,19.016609,17.687637,22.14385,15.586378,15.200218,19.957573,26.466406,20.422081,42.672436,47.180687,37.888424,47.454212,34.197655,41.243931,39.792629,41.351788,32.258232,30.64147,30.699846,31.688538,41.12635,29.418055,23.263432,28.383347,6.052722,4.490208,9.267878,5.270869,9.475775,9.380445,10.477531,9.842784,41.207546,39.538349,41.379311,42.447128,52.748089,41.220798,22.472727,24.761255,35.5,3.984375,668,6.695313,237
3042940,155,256,303,244,251,249,184,246,-50.875,-52.875,-52.1875,-52.6875,-51.5625,-51.0625,-51.75,-50.5625,17.625,10.1875,3.25,11.4375,8.5625,9.1875,8.5,12.4375,31.9375,32.125,33.1875,32.0625,30.8125,31.875,29.875,40.5,16,14.25,10.5,17.125,12.375,10.3125,10.8125,10.4375,41,47,51,48,49,50,49,48,155,256,303,244,251,249,184,246,0.860352,0.889893,0.879883,0.829834,0.839844,0.869873,0.806885,0.919922,0.81958,0.77002,0.73999,0.780029,0.75,0.72998,0.792969,0.72998,-19.3125,-18.625,-15.75,-15.375,-6.125,-14.625,-34.1875,-26.96875,-32.546761,-35.14674,-43.159931,-29.795506,-26.286501,-37.736412,-40.918266,-34.271072,19.003727,17.539839,23.939205,15.732239,15.921926,19.415197,28.375372,20.776056,41.994507,45.109688,39.235382,47.917374,34.530163,40.692894,36.56609,42.722736,32.094612,30.908035,28.568399,31.821398,41.528954,30.383911,23.071749,27.665182,6.907156,6.442441,8.257011,4.528991,8.018962,9.507998,11.986793,8.836019,38.113205,40.058479,42.679356,44.026546,55.159332,43.933685,20.421511,25.909403,36.5,3.945313,669,6.472656,236
3044560,144,228,277,231,262,260,205,244,-49.875,-52.0625,-53.25,-51.625,-51.8125,-50.5625,-51.0625,-49.3125,17.3125,11.1875,6.0625,11.75,7.625,8.5,8,13,31.125,32.375,32.375,31.8125,31.0625,30.4375,29.875,40.0625,18.25,16.875,10.5,16.375,13.5625,9.1875,10.875,10.4375,40,46,49,46,48,50,49,47,144,228,277,231,262,260,205,244,0.879639,0.899902,0.826172,0.830078,0.850342,0.880127,0.800049,0.890137,0.790283,0.77002,0.773926,0.77002,0.759766,0.689941,0.790039,0.72998,-20,-18.125,-18.875,-13.25,-11.125,-15.375,-32.625,-26.625,-32.753849,-31.913877,-42.908333,-27.970455,-30.616604,-37.693825,-39.451546,-32.706345,20.340439,16.877186,22.651217,15.17117,17.419718,20.047256,30.592043,19.338415,42.77869,46.712856,39.35622,46.18325,37.321644,40.395535,41.080387,42.614849,31.804266,31.622761,30.255816,33.601334,38.96534,30.398264,21.422405,28.918034,5.076605,4.787194,7.736752,5.044246,6.293292,9.158941,6.905169,9.128705,36.882717,40.192448,40.145985,45.992508,49.095024,42.81369,21.67524,25.592747,37,4.148438,670,6.722656,231
3046180,189,236,271,225,249,244,202,238,-49.875,-51.25,-51.5625,-51.3125,-50.5,-50.8125,-53.4375,-50.3125,8.1875,10.375,3.125,11.875,9.0625,9.5,11.875,11.4375,31.375,32.375,32.125,28.75,30,29,33,40.0625,18,16.125,11.1875,13.0625,12,8.0625,14.625,11.5,46,46,50,45,47,49,48,47,189,236,271,225,249,244,202,238,0.880127,0.879883,0.899902,0.820068,0.839844,0.839844,0.800049,0.909912,0.790039,0.77002,0.709961,0.789795,0.75,0.719971,0.789795,0.719971,-13.6875,-19.0625,-16.5625,-17.625,-6.8125,-29.9375,-31.5625,-26.625,-29.320002,-33.506836,-43.661934,-29.757725,-23.450657,-37.94479,-38.953781,-34.459393,20.098677,18.72723,24.870274,15.370965,14.743735,20.010128,22.524723,22.606573,43.058926,46.569012,39.37394,46.940891,34.327534,40.163261,44.433563,42.440456,32.846745,30.168608,28.196312,30.926647,42.552795,30.215403,22.894287,25.390303,3.995651,4.535153,7.559471,6.761492,8.375931,9.611207,10.147422,9.562668,44.538464,38.490284,41.952309,41.239479,54.270184,25.322214,25.307304,26.210236,37,4.09375,671,6.636719,231
3047800,179,242,265,222,245,244,188,244,-50.125,-51.8125,-50.3125,-50.4375,-50.5,-50.8125,-50.375,-50.3125,13.125,10.3125,3.625,12.75,9,8.3125,6.5625,12.3125,31.625,31.875,31.875,32.0625,30.8125,31.1875,33.25,39.8125,16.25,15.3125,11.4375,17.8125,13,11.125,14.375,10.5,43,46,49,45,47,50,49,48,179,242,265,222,245,244,188,244,0.889893,0.879883,0.810059,0.840088,0.810059,0.830078,0.813232,0.92041,0.77002,0.780029,0.780029,0.75,0.75,0.73999,0.766846,0.699951,-15.9375,-20,-15.75,-16.25,-10.0625,-16.625,-34.1875,-27.1875,-32.350002,-33.473499,-42.24646,-27.364946,-27.785576,-38.986626,-40.545876,-34.047356,18.394808,17.75214,25.426394,15.759398,15.677849,21.253868,31.461472,20.96632,40.633072,45.973389,40.487812,48.332703,36.506931,40.378799,37.264572,42.690678,34.997986,30.351793,27.870333,31.466139,40.044724,29.476583,23.036171,27.657255,5.974133,5.922676,6.215455,4.441766,7.770496,8.890747,8.237786,8.685743,41.819572,38.013443,42.05323,41.439392,49.730976,41.692074,19.357248,25.658808,37,3.925781,672,6.359375,228
3049400,147,233,261,226,249,241,198,250,-48.1875,-50.9375,-49.875,-50.75,-50.5,-49,-51.3125,-49.5625,16.8125,10.4375,3.6875,11.875,8.375,9.0625,7.0625,11.6875,31.625,31.375,30.375,31.3125,29.75,30.6875,33.5,39.5625,18.25,15.75,9.75,14.875,12.4375,9.75,15.875,9.875,40,46,49,45,46,49,49,47,147,233,261,226,249,241,198,250,0.869873,0.869873,0.829834,0.819824,0.809814,0.839844,0.949951,0.889893,0.769775,0.749756,0.749756,0.759766,0.739746,0.689697,0.619629,0.709717,-16.25,-19.3125,-34.8125,-15.5625,-13.75,-13.125,-33.625,-28.375,-30.329689,-34.397713,-41.775307,-27.94593,-30.060715,-36.854973,-40.475395,-33.805607,18.599241,18.424294,26.540026,15.725382,16.572548,20.223246,32.674969,21.102287,43.744694,45.775108,38.524349,45.756542,37.386955,39.29332,40.995792,41.004433,33.390461,30.616014,28.425697,33.018623,38.991116,30.427881,20.93771,27.577421,4.265602,5.184584,6.509926,5.499451,7.049386,10.055549,5.391533,10.315863,40.015663,38.420654,18.31307,42.878902,45.794392,45.019608,21.260998,23.772791,37.5,3.921875,673,6.277344,225
3051000,185,227,260,198,242,245,186,247,-48.6875,-50.4375,-48.625,-48.1875,-50.6875,-49.1875,-49.4375,-48.3125,7.5,12.4375,4,13.625,8.9375,9.375,7.25,12.0625,31.9375,29.125,31.375,31.8125,30,32.125,32.75,39.8125,17.4375,13.5,11.1875,18.875,11.6875,10.6875,14.75,11.5,46,45,49,44,47,49,48,46,185,227,260,198,242,245,186,247,0.900146,0.920166,0.840088,0.800049,0.809814,0.830078,0.800049,0.880127,0.76001,0.719971,0.73999,0.77002,0.740234,0.699951,0.780029,0.719971,-14.625,-17.1875,-33.75,-14.625,-8.9375,-13.375,-30.6875,-25.625,-35.700001,-30.512629,-40.479156,-26.368031,-27.49297,-36.180847,-38.420834,-32.364956,22.2115,15.769817,26.436741,16.201443,16.703709,20.194561,31.158367,21.015484,42.342602,47.308071,36.730789,48.529564,34.759819,41.713333,38.83519,43.743465,31.125181,31.920811,29.917442,31.01753,39.902267,29.626617,22.365736,26.63365,4.320714,5.0013,6.915027,4.25146,8.634204,8.465486,7.640705,8.607402,42.248062,40.766285,18.59375,41.953125,51.742832,44.043045,22.813688,25.74468,37.5,3.972656,674,6.359375,223
3052600,157,230,259,203,237,232,177,225,-45.875,-49.375,-49.3125,-49,-49.375,-48.0625,-51.5,-48.3125,16.9375,10.1875,2.9375,14.25,8.9375,10.0625,12.125,12.6875,30.3125,32.125,32.125,32.5625,30.5,32.875,33,40.5,16.0625,17.8125,11.375,18.3125,12.5,11.9375,15.0625,13.25,40,45,49,43,47,48,48,46,157,230,259,203,237,232,177,225,0.830078,0.950195,0.839844,0.819824,0.830078,0.850098,0.790039,0.899902,0.779785,0.679688,0.76001,0.76001,0.72998,0.669922,0.77002,0.699951,-10.8125,-17,-34.8125,-15.8125,-4,-14.125,-30.9375,-25.0625,-25.53702,-33.600128,-42.148598,-27.313299,-22.421875,-34.856564,-37.263138,-31.264547,18.608564,19.608431,26.49873,15.492442,15.200172,19.992167,23.110378,21.012991,42.667679,48.6534,37.334183,49.666969,34.03302,41.120564,42.835907,44.837597,34.88007,29.99456,29.273897,29.939587,42.140633,29.99996,26.127443,25.241793,3.843695,1.743611,6.893195,4.901,8.626175,8.88731,7.926271,8.907619,45.68404,39.954166,17.805065,40.689655,56.80751,41.930504,24.334318,26.178747,37.5,3.710938,675,5.9375,215
3054200,186,221,241,219,236,236,209,242,-47.9375,-49.125,-48.25,-48.4375,-48.6875,-49.4375,-49.625,-48.3125,10.3125,10.375,2.4375,12,9.5625,9.9375,6.25,12.125,31.625,29.625,31.625,30.875,30,31.1875,32,39.5625,15.5,13.75,12,16.5,11.8125,10.25,15.1875,10.4375,45,45,49,45,46,49,49,47,186,221,241,219,236,236,209,242,0.900146,0.870117,0.839844,0.830078,0.820068,0.849854,0.959961,0.919922,0.76001,0.77002,0.740234,0.73999,0.73999,0.680176,0.620117,0.690186,-14.3125,-17.1875,-35.875,-14.4375,-1.6875,-15.625,-33.125,-24.375,-28.255682,-32.039001,-42.059052,-27.555103,-24.458162,-36.520683,-39.309055,-31.982264,19.424742,18.433479,27.927034,15.99008,15.464836,19.919788,28.841051,21.176649,41.47229,46.127861,38.861008,48.103531,34.308189,41.21809,42.50824,43.941395,33.249073,30.716953,27.044142,30.952776,41.742168,29.308411,22.037806,26.180845,5.853892,4.721704,6.167809,4.953615,8.484804,9.553714,6.612906,8.70111,42.262371,39.673912,15.492958,42.868401,59.729946,41.937984,21.401939,27.240398,37.5,3.78125,676,6.050781,223
3055800,187,231,247,233,245,224,215,250,-47.9375,-50.1875,-48.4375,-50.125,-50.0625,-49,-51.3125,-48.5625,15.5625,9.875,3.4375,11.5625,8.25,10,8.8125,11.5,31.375,29.625,31.375,31.5625,30.8125,30.4375,33,39.5625,14.125,14.125,11.875,14.75,11.9375,10.0625,17.9375,10.75,40,46,49,45,48,48,49,47,187,231,247,233,245,224,215,250,0.879883,0.879883,0.890137,0.840088,0.820068,0.860107,0.939941,0.910156,0.77002,0.75,0.669922,0.73999,0.709961,0.669922,0.610107,0.679932,-17,-20,-33.5,-16,-7.25,-16.375,-31.8125,-26.625,-28.715361,-34.089951,-41.151306,-28.488235,-23.827869,-36.18351,-38.87801,-32.773216,14.278056,19.397135,26.817688,15.638694,15.48838,19.706709,26.380238,21.908817,42.798218,45.737396,40.052704,47.308762,33.793877,40.802948,44.55603,43.671833,35.605339,29.998186,27.389059,31.077808,41.348526,28.709137,21.581068,25.381336,7.318387,4.867286,5.74055,5.974738,9.369215,10.781208,7.482664,9.038021,39.007092,37.011494,19.158878,41.775055,52.93663,41.070023,23.298817,24.893618,37.5,3.746094,677,5.996094,229
3057400,166,238,242,225,254,238,201,243,-47.9375,-50.1875,-47.625,-49.5625,-49.8125,-49.625,-51.75,-48.8125,15,9.875,3.5625,12,9.25,9.25,10,11.6875,31.375,32.375,31.125,32.0625,30,29.6875,32.25,38.8125,17.5625,15.75,11.5,16.8125,11.375,9.125,14.8125,10.5,41,46,49,45,46,49,49,48,166,238,242,225,254,238,201,243,0.859863,0.899902,0.869873,0.829834,0.799805,0.839844,0.809814,0.909912,0.76001,0.73999,0.679932,0.73999,0.73999,0.699951,0.75,0.689941,-18.625,-19.0625,-32.75,-16.75,-5.1875,-16.375,-32.625,-25.625,-30.075378,-35.426235,-40.247868,-28.607498,-27.219772,-36.857124,-38.853085,-33.15411,17.459538,19.885487,26.944872,16.352043,15.349039,20.048574,26.235777,21.067244,45.451172,45.020084,39.660622,48.064274,36.165207,40.842472,42.323647,42.801414,32.960762,29.99345,27.114677,30.737377,40.176498,28.994781,24.33334,26.449341,4.128529,5.100978,6.279829,4.846309,8.309251,10.114175,7.107242,9.682003,36.958237,37.698711,19.081553,40.199081,55.177742,41.144623,22.767857,26.462196,37.5,3.761719,678,6.023438,225
3058980,168,224,241,227,229,241,216,232,-46.375,-50.1875,-48.4375,-50.125,-48.25,-48.75,-52.25,-49.3125,12.75,10.3125,3.3125,12.125,9.3125,7.8125,6.9375,12,31.625,31.125,30.625,31.3125,30,30.1875,33.5,38.8125,16,16.5625,11.5625,14,12.0625,10,16.6875,10.3125,44,47,50,46,47,50,50,48,168,224,241,227,229,241,216,232,0.859863,0.840332,0.899902,0.840088,0.790039,0.840088,0.859863,0.919922,0.740234,0.779785,0.660156,0.72998,0.72998,0.689941,0.700195,0.680176,-15.6875,-20,-34.0625,-15.34375,-6.8125,-14.625,-34.6875,-25.875,-29.991964,-33.95816,-41.019005,-27.637499,-23.645836,-37.546875,-41.15625,-33.339558,19.359133,19.452154,27.91017,15.341705,15.961157,21.44663,31.599968,20.785894,43.515636,47.00988,39.11097,46.732468,35.18856,38.888584,42.233925,43.496265,31.725559,28.914782,26.959663,31.484112,40.801178,29.76045,18.967632,26.491461,5.399675,4.623185,6.019197,6.441715,8.049102,9.904336,7.198472,9.226381,39.342949,37.12529,17.954723,42.709133,52.955269,43.230404,20.48105,26.595745,37.5,3.773438,679,5.964844,222
3060560,162,231,242,220,244,243,203,230,-46.125,-49.125,-47,-48.75,-49.125,-49,-50.125,-48.8125,15,9.125,3.0625,14.125,8.3125,9.0625,7.875,12.3125,30.875,31.125,31.125,31.8125,30.5,31.625,32,39.3125,17.4375,16.875,12.125,15.8125,13.25,11.125,14.75,11.4375,42,45,50,44,48,49,48,48,162,231,242,220,244,243,203,230,0.869873,0.859863,0.850098,0.800049,0.76001,0.840332,0.810059,0.899902,0.709961,0.75,0.679932,0.73999,0.73999,0.679688,0.72998,0.679932,-10.8125,-18.625,-33.5,-15.5625,-6.3125,-15.375,-31.375,-26.125,-26.010185,-33.863541,-40.539299,-26.414349,-19.891369,-37.089462,-39.302376,-32.988308,19.75564,20.949493,27.685579,14.194701,14.89279,20.774252,29.264578,22.220438,41.732849,47.622444,38.165104,48.457466,33.414455,41.083603,42.1385,42.043858,34.695927,28.628292,28.30394,31.881958,44.277493,29.477076,21.45611,26.075073,3.815586,2.799775,5.845373,5.465875,7.415264,8.665066,7.14081,9.660628,45.86039,38.006229,17.543859,41.194725,53.767662,41.705425,22.831049,25.74468,37.5,3.777344,680,5.96875,221
3062160,180,220,242,231,242,243,177,220,-48.9375,-48.375,-48.4375,-49.875,-48.6875,-48.25,-48.6875,-47.8125,6.6875,9.9375,3.75,12.25,9.125,9.1875,8.8125,11.6875,30.3125,31.625,30.875,31.5625,30.5,30.9375,32.5,39.0625,17.25,16.8125,11.9375,15.625,12.3125,9.5,16.125,11.1875,47,45,50,45,47,48,48,47,180,220,242,231,242,243,177,220,0.899902,0.949951,0.879883,0.829834,0.839844,0.860107,0.909912,0.869873,0.740234,0.670166,0.660156,0.720215,0.700195,0.679932,0.620117,0.690186,-15.1875,-18.875,-34.0625,-17.375,-4.15625,-14.625,-30.6875,-25.625,-35.032501,-33.552597,-40.64661,-29.345768,-21.082466,-35.260303,-37.639378,-32.69659,23.156939,19.684128,26.890856,15.864262,15.586871,19.164301,29.593006,22.498972,43.577694,46.884884,38.884846,47.902832,33.90192,39.991516,40.750019,42.206242,28.674698,29.862904,28.243834,30.801994,42.909943,29.955635,24.254347,25.659445,4.590669,3.568086,5.980463,5.430915,7.601264,10.888548,5.402633,9.635343,42.58675,37.267078,18.124508,39.907906,56.235199,42.462509,22.409824,25.539568,37.5,3.554688,681,5.6875,219
3063740,166,213,248,227,237,255,192,235,-47.4375,-49.6875,-47.625,-49,-49.125,-48.25,-51.0625,-47.8125,10.1875,12.375,3.125,10.625,8.875,7.9375,7.1875,12.0625,31.125,31.875,31.875,30.875,29.75,27.375,33,38.8125,17.75,16.875,12.375,15.75,12.25,6.5,15,9.9375,44,45,49,45,46,50,48,46,166,213,248,227,237,255,192,235,0.890137,0.820068,0.919922,0.840088,0.800049,0.790039,0.959961,0.900146,0.77002,0.820068,0.680176,0.75,0.73999,0.72998,0.640137,0.719971,-13,-16.75,-34.5625,-15.5625,-10.5625,-28.5625,-32.875,-24.8125,-31.334379,-32.324757,-40.761322,-28.408089,-26.993752,-36.326973,-40.741856,-31.841412,21.484879,17.484703,27.743933,17.102575,15.85744,21.212671,32.34473,20.402531,43.083839,46.391468,37.684002,47.379333,35.988857,39.559429,39.353504,42.424747,31.199142,32.102646,28.454853,30.718227,39.423668,29.717398,20.912973,26.873112,4.232133,4.021185,6.117209,4.799862,8.730034,9.510496,7.388791,10.299613,43.834526,40.383141,16.627451,41.862286,48.890652,24.705883,21.635687,26.551226,37.5,3.5625,682,5.628906,221
3065340,150,231,243,229,250,256,223,243,-47.4375,-50.1875,-47.4375,-49.3125,-49.8125,-49,-50.8125,-48.3125,12.5,9.8125,2.4375,12.125,7.5625,9.4375,6.625,11.75,31.125,31.625,28.25,31.5625,29.25,32.125,32.25,39.3125,19.5,16.375,9,16,11.625,10.1875,15.625,11,43,46,50,46,48,49,49,47,150,231,243,229,250,256,223,243,0.889893,0.869873,0.840088,0.840088,0.820068,0.840088,0.830078,0.909912,0.72998,0.75,0.719971,0.709961,0.709961,0.679932,0.72998,0.669922,-16.5,-19.5625,-34.8125,-13.6875,-10.0625,-15.125,-32.625,-25.0625,-29.627806,-34.38784,-41.117764,-27.502279,-30.965389,-35.985123,-39.944969,-33.006107,22.32526,19.809216,28.286964,15.487571,17.333742,19.441784,31.533945,21.468351,46.833481,46.625092,38.469784,47.500225,35.483093,41.082104,41.230293,41.768234,28.215343,29.909611,27.771435,31.798002,38.968006,29.859438,21.159435,26.783047,2.625921,3.656081,5.471823,5.214205,8.215153,9.616682,6.07633,9.980367,39.379475,37.433155,15.968379,44.049461,50.27668,41.75655,21.896162,26.533524,37.5,3.585938,683,5.742188,228
3066940,159,229,239,222,264,234,208,229,-48.1875,-48.625,-47.625,-49.3125,-48.875,-49.875,-51.5,-48.3125,12,9.6875,2.75,12.6875,8.375,10.1875,8.5625,11.625,31.375,31.625,30.625,28.5,29.75,30.4375,33.25,39.0625,18.6875,16.625,12.375,14,12.5625,10.125,16.1875,10.625,44,47,51,46,49,49,50,48,159,229,239,222,264,234,208,229,0.919922,0.896729,0.889893,0.799805,0.819824,0.849854,0.810059,0.909912,0.720215,0.723389,0.660156,0.740234,0.700195,0.690186,0.75,0.670166,-19.6875,-19.5625,-34.3125,-16.75,-5.1875,-18.375,-32.875,-26.625,-32.992104,-33.204807,-40.922726,-28.336548,-24.21822,-35.902901,-39.679581,-32.590942,22.24225,19.92288,28.544136,15.418718,15.382523,18.64016,28.13319,22.075083,46.103962,46.204926,38.288849,48.286171,35.271202,41.581772,41.952709,40.718475,27.960236,30.527359,27.843115,30.643269,42.053898,29.23254,21.963348,26.461229,3.693561,3.344839,5.323897,5.651841,7.29238,10.545526,7.950755,10.745213,35.820896,36.214954,17.474186,40.481739,55.564384,39.22179,21.9764,24.821173,37.5,3.675781,684,5.886719,223
3068520,177,216,317,246,262,258,231,231,-47.4375,-47.25,-52.375,-49,-49.8125,-48.25,-51.75,-48.5625,12.875,10.25,1.625,9.8125,7.9375,10.875,9.25,11.875,31.9375,32.125,31.875,31.125,30,31.875,30.9375,39.3125,18.375,17.125,9.6875,15.1875,11.5625,9.8125,11.3125,13.375,43,45,51,47,48,48,48,49,177,216,317,246,262,258,231,231,0.88501,0.930176,0.880127,0.900146,0.830078,0.840088,0.790039,0.910156,0.774902,0.689941,0.699951,0.679932,0.72998,0.679932,0.77002,0.669922,-15.9375,-17.1875,-16,-16.5,-7.0625,-14.125,-32.0625,-25.3125,-29.4375,-30.885599,-44.736683,-29.930769,-22.781818,-33.495659,-39.884762,-32.387733,20.799173,17.509012,22.669592,16.260447,14.596992,17.51347,23.287436,22.91547,46.292641,47.652393,37.229179,47.523426,34.911682,40.552513,39.903172,44.304367,29.434601,31.445301,31.021971,30.230671,42.185101,31.23097,24.727507,26.169977,3.473584,3.39329,9.079259,5.98545,8.306232,10.703048,12.08189,6.610182,39.68504,38.931889,43.175076,41.203705,53.563042,42.589703,23.230087,26.458036,37.5,3.722656,685,5.882813,242
3070120,162,236,294,226,254,264,220,290,-46.125,-49.375,-49.3125,-47.6875,-49.125,-50.8125,-50.375,-49.0625,18.3125,9.9375,2.75,10.9375,8.375,9.625,8.875,10.0625,31.9375,32.125,30.625,31.5625,29.75,31.1875,33.5,39.5625,15.875,15.5625,9.0625,15,11.9375,9.8125,14.25,10.3125,40,46,50,46,47,49,48,49,162,236,294,226,254,264,220,290,0.870117,0.949951,0.879883,0.820313,0.810059,0.880127,0.779541,0.929932,0.769775,0.699951,0.699951,0.759766,0.75,0.689941,0.800293,0.689941,-12.25,-18.625,-34.0625,-15.375,-8.4375,-18.625,-32.625,-26.375,-26.15905,-32.081169,-41.117737,-27.229256,-23.797501,-36.730392,-38.877075,-33.567833,17.895493,18.347523,25.664974,16.76683,15.496542,18.961525,26.751509,23.312189,41.658035,46.830017,38.168316,48.189423,35.229679,42.167179,41.248493,43.103081,34.440266,30.974833,28.731602,29.843596,41.546276,29.358772,23.753239,25.768162,6.006204,3.847628,7.435108,5.200149,7.7275,9.512526,8.24676,7.816564,43.394714,37.967915,18.968134,40.772869,51.584785,39.253052,21.162445,25.599436,37.5,3.691406,686,5.910156,243
3071680,150,227,283,229,249,252,212,247,-44.8125,-47.25,-49.6875,-47.6875,-48.25,-48.75,-50.125,-48.3125,16.4375,10.5,2.5625,10.4375,9.25,9.75,9.125,11.875,31.375,30.375,29.125,32.0625,30,29,29.875,39.0625,16.3125,14.5,8.625,15.5,11.4375,7.4375,10.9375,10.875,41,45,50,45,46,48,47,48,150,227,283,229,249,252,212,247,0.850098,0.939941,0.879883,0.800049,0.834961,0.859863,0.800049,0.909912,0.72998,0.620117,0.640137,0.72998,0.675049,0.660156,0.73999,0.650146,-12.75,-16.0625,-34.8125,-15.125,-4.75,-15.375,-31.8125,-26.125,-28.197605,-29.708736,-42.369843,-27.781765,-21.589823,-35.136745,-38.369282,-32.087177,19.981319,17.650492,26.216095,17.189867,14.493845,19.144686,26.502388,20.916409,41.445179,47.259262,37.831123,47.590111,34.142265,41.630917,42.054268,42.605198,33.36956,30.142534,28.289371,30.269632,42.87994,29.708755,24.60076,26.988506,5.203937,4.947714,7.663404,4.950388,8.483947,9.515648,6.842586,9.489885,41.63961,39.624119,18.481596,40.830723,55.591053,41.524105,21.639587,25.393421,38,3.695313,687,5.769531,231
3073260,154,226,282,223,259,260,207,248,-46.125,-48.375,-48.625,-46.875,-48,-48.25,-50.5625,-48.0625,15.0625,10.125,3.125,10.3125,8.25,8.6875,9.25,11.5,31.125,30.375,31.625,29.4375,30.25,29.1875,33,38.8125,17.1875,15.0625,11.75,13.1875,11.75,7.5,13.875,11.1875,42,46,50,46,47,49,48,48,154,226,282,223,259,260,207,248,0.860107,0.939941,0.860107,0.810059,0.800049,0.830078,0.790039,0.890137,0.73999,0.640137,0.659912,0.73999,0.719971,0.689941,0.75,0.669922,-16.875,-18.125,-32.75,-13.25,-11.375,-13.375,-32.375,-25.0625,-28.868965,-31.432955,-40.962955,-26.935085,-25.740942,-36.792782,-38.939999,-31.742929,19.149912,15.995762,26.414309,16.946747,15.433348,21.018974,27.039974,21.283783,45.337849,47.894051,38.210148,47.075619,36.641953,39.013638,39.35527,43.643154,31.437857,30.73897,27.801891,30.251408,39.959114,30.250486,24.178829,25.571119,4.074382,5.371223,7.57365,5.726228,7.965591,9.716908,9.425927,9.501948,37.864079,39.320755,20.647148,43.247589,46.805111,43.764706,21.765146,26.474821,37.5,3.648438,688,5.769531,232
3074820,164,224,288,212,257,242,208,253,-45.875,-47.6875,-49.875,-46.875,-49.625,-45.5625,-50.8125,-48.0625,11.8125,11,3.8125,13.625,8.3125,7.9375,8.9375,11.3125,30.3125,32.125,31.375,31.8125,29.25,26.9375,32.25,39.3125,15.9375,16.75,10.4375,17.8125,10.875,6.5625,14.5625,10.8125,43,45,50,44,47,49,48,48,164,224,288,212,257,242,208,253,0.839844,0.800049,0.900146,0.820068,0.800049,0.830078,0.790039,0.880127,0.75,0.77002,0.659912,0.719971,0.719971,0.659912,0.75,0.679932,-13.84375,-17.1875,-35.3125,-14.4375,-10.3125,-12.875,-32.375,-24.8125,-30.619133,-31.193882,-41.93293,-25.352024,-28.237972,-34.830025,-38.782894,-32.452141,20.76181,18.477982,25.393074,15.556033,15.845582,22.657833,26.882103,22.12285,42.794521,48.184917,37.375877,48.924583,35.985661,41.362263,41.105743,42.647205,31.898556,30.561226,30.293066,30.562269,38.525375,28.750366,22.61692,26.353487,4.545113,2.775878,6.937982,4.957118,9.643383,7.22954,9.395232,8.87645,41.734528,38.214565,17.923077,41.22319,49.841518,42.348179,22.197142,26.609442,38,3.589844,689,5.605469,231
3076360,160,220,265,224,263,237,214,235,-44.25,-47,-46.375,-47.9375,-46.9375,-47.5625,-48.9375,-47.125,15.25,10.875,2.5625,12.0625,9.8125,9.3125,8.875,11,32.4375,31.125,31.625,31.3125,30.25,30.4375,33.25,37.8125,18.3125,15.5625,10.75,14.5,12.0625,9.75,14,9.9375,41,44,49,44,45,48,47,47,160,220,265,224,263,237,214,235,0.879883,0.889893,0.919922,0.809814,0.832031,0.840088,0.779785,0.875,0.719971,0.699951,0.659912,0.72998,0.687988,0.679932,0.76001,0.669922,-12.75,-16.0625,-32.375,-16,-6.5625,-15.375,-29.5625,-24.375,-25.565279,-29.816162,-39.098106,-27.42798,-22.510714,-35.864059,-37.587502,-31.950647,20.31237,18.193098,27.150801,15.917255,14.385136,20.589066,25.271809,22.550507,45.275093,47.25518,37.112133,46.904503,36.386494,40.426384,41.014404,41.311226,30.935156,30.803087,26.920256,31.162342,41.938526,28.80196,26.024128,26.604643,3.477377,3.748637,8.816812,6.015896,7.289842,10.182588,7.689661,9.533622,41.075794,39.599998,18.858953,40.299683,52.307693,41.266026,23.574144,26.784399,38.5,3.5625,690,5.488281,227
3077920,162,227,277,213,233,233,218,242,-45.3125,-46.75,-48.25,-47.375,-48.875,-45.8125,-48.6875,-48.0625,14.6875,9.4375,2.6875,11.875,8.375,8.1875,7.875,11.5,31.625,31.875,31.625,31.5625,30,28.5,32.75,38.5625,16.625,16,11.0625,15.375,11,8.375,14.125,10.875,41,44,49,44,46,48,47,46,162,227,277,213,233,233,218,242,0.889893,0.870117,0.879883,0.810303,0.810059,0.809814,0.919922,0.899902,0.745117,0.764893,0.675049,0.754639,0.734863,0.705078,0.63501,0.685059,-14.0625,-17.1875,-34.5625,-16,-2.875,-14.125,-30,-25.875,-27.368315,-29.8925,-40.935989,-27.063906,-24.010418,-35.230156,-37.757336,-32.052238,20.432781,19.342464,27.12414,16.64645,15.476823,21.822165,26.212368,22.154528,41.846817,47.178459,39.008018,48.186386,33.511276,39.841354,41.847664,43.306705,32.294132,29.838299,27.756012,29.757082,41.30975,29.102282,24.081385,26.875479,5.426273,3.640776,6.111833,5.410084,9.70215,9.234201,7.858581,7.663291,40.617386,37.599365,17.523365,39.746635,58.45182,41.42157,23.65019,25.613276,38,3.683594,691,5.746094,225
3079480,162,226,271,217,254,250,220,242,-45.875,-47.4375,-47.8125,-48.4375,-49.125,-48.25,-50.5625,-48.3125,15.4375,10.5625,1.5625,13.625,7.6875,8.5625,9.6875,11.4375,31.375,31.875,31.125,32.0625,28.6875,31.4375,33,39.3125,16.6875,16.25,12.4375,15.5,11.1875,11.1875,14.4375,11.375,40,44,49,43,46,48,47,46,162,226,271,217,254,250,220,242,0.860107,0.840332,0.830078,0.800049,0.813477,0.850098,0.790039,0.910156,0.75,0.749756,0.709961,0.72998,0.716553,0.649902,0.73999,0.659912,-13.8125,-17.4375,-35.3125,-14.1875,-9.5625,-15.625,-29.75,-26.875,-27.426563,-30.239607,-41.506153,-26.951916,-27.138514,-36.485542,-37.63081,-33.154041,20.588287,18.722502,28.725088,15.201161,16.602741,21.651962,24.971663,22.06842,42.643284,47.355022,38.490765,47.845814,34.962143,41.593781,43.267414,41.709332,31.778463,30.026426,27.734625,30.578836,39.68507,28.530106,24.360762,26.258341,4.989969,3.896047,5.049525,6.374191,8.750051,8.22415,7.400163,9.963906,41.504852,37.825058,15.835312,42.546585,50.843376,40.941177,24.906507,24.46505,38,3.589844,692,5.601563,230
3081040,168,238,276,226,261,234,222,236,-47.1875,-47.6875,-48.875,-47.9375,-49.625,-47.5625,-49.875,-48.0625,7.5625,9.3125,1.625,11.8125,7.375,8.75,6.875,12.5625,30.5625,32.625,31.125,32.0625,30,31.875,29.625,39.0625,16.5625,16.875,11.375,14.75,12.25,11.6875,11.25,11.8125,45,45,50,45,47,49,48,47,168,238,276,226,261,234,222,236,0.859863,0.859619,0.790039,0.820068,0.810059,0.830078,0.850342,0.860107,0.719971,0.720215,0.719971,0.699951,0.689941,0.669922,0.679688,0.669922,-16.25,-17.1875,-35.3125,-13.5,-9.8125,-15.625,-33.375,-23.6875,-32.294586,-31.169693,-42.609108,-27.247488,-26.511354,-36.219604,-39.934784,-31.296364,23.332649,20.270081,28.739187,16.102926,16.788506,22.271133,29.471926,20.765083,43.175385,48.384647,36.111244,46.950588,35.773106,41.423565,40.424675,43.567665,28.411701,28.189262,29.097881,30.67362,39.239079,28.131542,22.968565,26.539677,5.080262,3.156011,6.051687,6.272864,8.199311,8.17376,7.134832,9.127568,39.790997,37.976654,16.953125,43.046875,50,40.204563,20.091324,27.977043,38,3.75,693,5.855469,232
3082580,167,216,261,244,250,244,210,246,-45.625,-46.5,-47.25,-48.1875,-46.9375,-47.8125,-48.6875,-48.0625,15.5,9.8125,1.75,10.125,10.125,9.25,8.9375,10.9375,31.375,31.625,30.875,31.3125,29.5,30.6875,32.25,38.3125,17.0625,16,11.4375,13.8125,12.0625,10.5,14.5,10.5,40,44,48,44,44,47,46,46,167,216,261,244,250,244,210,246,0.829834,0.829834,0.860107,0.820068,0.880127,0.810059,0.813232,0.889893,0.73999,0.73999,0.669922,0.729736,0.619873,0.709961,0.736572,0.679932,-14.3125,-16.25,-34.0625,-15.375,-5.4375,-15.625,-30.4375,-26.375,-26.348751,-31.820833,-40.836525,-28.897135,-21.313358,-35.32016,-37.07473,-32.819809,19.088182,20.172302,28.696474,17.559212,14.255275,20.084705,26.935106,22.685493,44.691162,45.320656,37.088737,46.745121,35.583473,40.921326,41.380482,40.656368,30.517206,29.274269,27.942102,29.729551,42.828789,29.751715,24.458649,26.114702,5.703446,5.232778,6.272683,5.966116,7.332461,9.242254,7.225765,10.543439,40.533981,38.720001,17.474186,41.273586,54.404568,41.003185,22.548264,25.108538,38.5,3.652344,694,5.628906,229
3084140,159,229,266,211,251,257,209,257,-45.3125,-49.125,-48.0625,-48.1875,-49.125,-47.3125,-48.4375,-49.0625,16.75,10.1875,2.8125,11.5,9.0625,7.875,7.3125,11.9375,30.0625,32.375,32.125,29.6875,30.5,27.375,32.75,38.5625,17.625,18.0625,12.5,14.375,13.1875,6.4375,13.9375,10.9375,40,45,48,44,45,48,47,47,159,229,266,211,251,257,209,257,0.839844,0.840088,0.820068,0.809814,0.879883,0.799805,0.839844,0.869873,0.720215,0.76001,0.699951,0.710205,0.600098,0.680176,0.680176,0.670166,-13.8125,-17.9375,-33.25,-16.25,-9.5625,-14.375,-31.375,-26.125,-25.006893,-32.747849,-40.638176,-27.358454,-29.77899,-36.122799,-38.169525,-32.426281,17.162561,20.126263,28.75079,16.471933,14.617454,21.542454,28.166162,20.542627,44.384319,47.881763,38.163532,45.966709,37.008701,40.130951,40.021004,43.708836,35.262253,28.549692,27.451614,31.081127,39.445431,28.556469,24.142462,26.942348,3.190867,3.442278,5.634068,6.480234,8.928414,9.770126,7.670367,8.806192,41.791046,38.266869,18.47233,40.880001,50.540127,41.958599,21.016165,26.176891,38,3.75,695,5.855469,229
3085680,162,191,268,216,250,258,218,261,-44.5625,-46.0625,-47.8125,-46.875,-47.8125,-47.125,-51.75,-48.8125,12.625,12.5,2.25,13,7.5,8.875,12.125,10.875,31.375,31.375,31.125,28.75,28.6875,31.625,33,38.5625,17.25,17.8125,10.9375,13.5625,11.6875,10.5,13.9375,11.375,41,42,48,43,45,47,46,47,162,191,268,216,250,258,218,261,0.830078,0.860107,0.780029,0.840088,0.790039,0.799805,0.790039,0.899658,0.72998,0.709961,0.72998,0.679932,0.719971,0.680176,0.72998,0.6604,-12.5,-15.8125,-33.75,-13.9375,-8,-26.9375,-29.75,-26.375,-27.821428,-28.180717,-40.751041,-26.52557,-29.585417,-34.757534,-36.558643,-33.109863,21.033998,17.53537,28.207445,15.370801,17.244312,20.662209,21.235987,22.55908,42.425751,49.919815,36.276127,47.756336,35.802387,41.363247,44.177673,43.50386,31.884346,30.737045,29.552322,30.849045,39.229263,29.008987,25.505009,25.547859,4.655905,1.807772,5.964105,6.023819,7.724041,8.965557,9.081328,8.389199,42.083675,39.063759,17.814728,42.126297,52.042484,25.63492,25.958702,25.679544,38.5,3.65625,696,5.632813,228
3087240,170,220,258,223,219,248,192,228,-44.25,-48.1875,-46,-47.9375,-46.5,-46.6875,-49.875,-47.125,15,9.375,2.0625,11.625,10.4375,8.1875,10.8125,11.75,31.625,29.625,31.125,27.5625,29.75,25.625,32.75,38.5625,16.625,15.3125,11.5,11.375,12.9375,4.6875,14.1875,11.6875,41,45,49,44,46,48,47,46,170,220,258,223,219,248,192,228,0.830322,0.850098,0.880127,0.810059,0.780029,0.810059,0.800049,0.890137,0.729736,0.72998,0.639893,0.709961,0.679932,0.669922,0.719971,0.659912,-11.09375,-19.0625,-33,-16.25,-1,-16.625,-30.4375,-25.3125,-24.454943,-32.822727,-39.449066,-27.516998,-16.747917,-35.122139,-37.028458,-31.552946,19.314566,20.563463,28.396658,16.172472,15.118016,20.782017,23.946037,22.600527,42.539368,46.709675,38.442223,47.722591,32.127769,40.28788,43.467594,42.521072,34.155704,28.436211,27.131445,29.865604,44.97858,29.186674,24.251389,26.861832,3.990365,4.29065,6.02967,6.239334,7.775634,9.743434,8.334982,8.016567,43.698517,37.072392,17.722534,40.560001,59.672131,38.978931,23.524961,25.455872,38,3.695313,697,5.769531,219
3088760,157,220,254,216,247,261,183,239,-42.5625,-47.9375,-45.5625,-45.0625,-49.125,-45.375,-48.9375,-46.1875,7.5625,10.4375,3.4375,11.875,6.875,8.0625,10.3125,11.125,31.375,31.375,30.375,28.0625,28.375,31.1875,32.75,38.0625,18.25,17.5,10.5,12.125,12.0625,9.625,13.3125,10.8125,44,44,47,43,46,47,46,45,157,220,254,216,247,261,183,239,0.820313,0.880127,0.77002,0.780029,0.790039,0.880127,0.76001,0.880127,0.719727,0.669922,0.719971,0.709961,0.679932,0.579834,0.72998,0.659912,-13,-16.75,-30.75,-12.3125,-8.53125,-25.1875,-30.4375,-25.3125,-27.238487,-31.510326,-37.921322,-25.619833,-27.386606,-33.962238,-36.748928,-31.18,24.649345,19.769535,28.761902,16.570408,16.988132,21.763723,24.376455,23.011345,43.657352,48.07428,37.115841,46.347088,34.644081,41.552319,39.621223,42.784843,30.236221,28.386301,27.898771,31.074455,38.882008,27.989197,25.844843,25.499449,1.457077,3.769886,6.223488,6.008052,9.485778,8.694764,10.15748,8.704364,39.983093,39.3223,19.442167,42.986053,52.001602,26.547232,22.373394,24.777449,39,3.535156,698,5.378906,222
3090320,147,194,260,218,234,252,187,218,-45.625,-44.625,-46.1875,-47.9375,-47.8125,-47.5625,-49.4375,-46.1875,13.5,10.5,2.75,10.5,8.5,7.875,9.3125,12.25,30.3125,32.125,30.875,29.9375,29.25,32.125,28.8125,39.0625,17.625,18,11.125,14.3125,12.5,11.125,10.5,12.8125,42,45,49,45,45,48,47,46,147,194,260,218,234,252,187,218,0.849854,0.890137,0.800049,0.820068,0.77002,0.810059,0.780029,0.880127,0.699951,0.639893,0.679932,0.699951,0.699951,0.669922,0.709961,0.649902,-14.3125,-13.8125,-32.25,-14.1875,-7.84375,-17.125,-30.9375,-22.75,-29.788605,-29.887384,-38.638359,-28.073685,-26.19491,-36.247032,-37.313808,-30.522636,22.102316,18.863049,29.764832,17.65357,16.957485,22.209438,26.896721,21.5214,43.977016,48.546684,36.839184,47.420227,35.397137,41.390072,40.011383,43.071564,30.162855,30.577049,27.472115,29.498207,38.463062,28.320366,20.892921,26.616838,3.757813,2.013224,5.923866,5.427994,9.182314,8.080123,12.198979,8.790195,41.23457,41.05854,18.085968,42.58675,51.865368,38.196079,22.716806,27.49267,38,3.609375,699,5.632813,213
3091860,148,209,250,219,229,237,190,223,-43.4375,-46.75,-47.8125,-47.9375,-47.125,-46.6875,-50.125,-48.8125,15.5625,9.6875,2.625,12.1875,9,8.75,11.0625,11.1875,29.8125,32.375,30.625,29.6875,27.875,31.625,28.5,38.3125,16.5,18.0625,11.875,14.3125,12.8125,10.25,9.3125,13.0625,40,45,49,44,46,47,46,46,148,209,250,219,229,237,190,223,0.809814,0.839844,0.809814,0.799805,0.75,0.819824,0.819824,0.899902,0.75,0.719971,0.709961,0.719971,0.73999,0.689941,0.719971,0.659912,-12.75,-16.75,-34.03125,-16.75,-6.8125,-16.375,-32.625,-26.375,-24.584105,-32.305222,-41.395126,-27.294964,-21.632076,-34.299843,-37.923634,-33.424999,21.529222,21.683306,28.841644,16.166933,15.815483,21.040913,23.555992,24.200813,44.142704,47.737217,37.305153,48.167728,35.105766,41.303001,38.976128,41.922562,30.417711,28.393196,28.299818,29.502949,42.615547,28.409672,26.266542,26.428677,3.910361,2.18628,5.553385,6.162387,6.463201,9.246413,11.201338,7.44795,41.894196,37.914692,17.569721,39.35331,53.571426,38.707104,21.180031,25.533428,38.5,3.542969,700,5.460938,213
3093440,164,206,247,236,224,262,188,236,-45.875,-46.5,-46.1875,-47.375,-46.25,-47.8125,-49.625,-48.5625,8.1875,10.1875,3.0625,10.375,8.8125,7.9375,10.75,11.4375,31.9375,30.875,29.875,30.375,29.5,30.1875,32.25,38.5625,19.6875,16.3125,10.9375,12.6875,13.375,8.75,13.9375,11.125,45,45,49,46,46,49,47,47,164,206,247,236,224,262,188,236,0.860352,0.850098,0.819824,0.810303,0.780029,0.809814,0.779785,0.919922,0.739746,0.72998,0.680176,0.719727,0.709961,0.700195,0.760254,0.660156,-15.8125,-18.375,-31.25,-14.1875,-5.6875,-14.875,-30.4375,-27.75,-30.287502,-30.333364,-38.440067,-27.220203,-20.847782,-36.767761,-36.751209,-32.842621,23.971085,19.43495,28.271481,16.859495,16.487888,21.039377,24.367887,22.989174,45.956844,45.934036,37.709888,46.557236,35.985462,38.5494,43.944057,42.313278,26.18416,30.264387,27.064455,30.554428,41.720314,29.609262,23.437031,25.994841,3.887912,4.366632,6.954175,6.028841,5.806338,10.801958,8.251022,8.702711,38.634537,36.348949,19.510204,42.684891,53.547852,42.227562,23.435114,23.888092,37.5,3.582031,701,5.660156,220
3094980,166,204,244,225,238,243,180,222,-43.6875,-45.5625,-46.1875,-47.375,-47.5625,-46.6875,-51.75,-46.9375,9.0625,9.5625,3,11.4375,7.8125,9.3125,11.3125,11.9375,31.125,30.875,29.625,30.625,28.9375,26.75,32.75,37.8125,16.8125,16.625,11.125,14.3125,13,6.0625,14.5,9.5,45,46,50,46,47,48,48,46,166,204,244,225,238,243,180,222,0.820068,0.900146,0.859863,0.810059,0.810059,0.800049,0.820068,0.880127,0.719971,0.639893,0.620117,0.689941,0.669922,0.659912,0.699951,0.659912,-12.75,-15.3125,-32.5,-12.5625,-5.4375,-12.3125,-32.875,-25.0625,-28.170092,-31.296877,-38.915627,-27.375916,-23.962502,-33.990227,-38.384209,-31.184669,23.738346,20.429096,29.647377,16.290598,17.546291,19.831997,24.793997,21.659164,45.209435,46.409405,36.76659,46.973984,34.806149,40.685684,40.288891,40.916748,28.080898,30.316322,27.467098,30.861912,40.900967,30.007767,25.108597,26.516331,2.971325,2.84518,6.118936,5.873507,6.746592,9.474552,9.808516,10.907755,41.078838,39.967506,17.819366,44.631409,55.065357,44.283413,22.337278,25.811211,38.5,3.5625,702,5.488281,215
3096540,141,195,251,204,255,247,190,237,-43.4375,-46.5,-46.375,-45.5625,-49.375,-47.8125,-47.6875,-46.9375,14.8125,12.0625,3.3125,10.8125,7.1875,9.1875,7.9375,11.3125,29.8125,31.625,28.8125,31.3125,29.25,32.125,32,38.3125,16.875,18.0625,10.1875,17.625,12.4375,11,14.25,11.75,41,45,49,45,47,47,47,46,141,195,251,204,255,247,190,237,0.839844,0.910156,0.870117,0.800049,0.820068,0.840088,0.790039,0.900146,0.710205,0.649902,0.639893,0.699951,0.669922,0.659912,0.72998,0.659912,-14.875,-14.3125,-32,-12.5625,-11.125,-16.125,-30.9375,-25.3125,-26.170982,-31.395065,-38.64262,-25.241234,-35.248611,-35.255516,-36.947552,-31.73875,19.875511,18.462126,28.884796,18.062172,18.216431,20.684675,30.086199,22.686514,46.183666,47.590485,37.488087,47.534378,36.673157,42.200356,39.277283,43.075294,30.090988,32.030781,28.52984,29.496899,38.203957,27.941984,22.88945,25.984781,3.849829,1.916605,5.097277,4.906555,6.906457,9.172981,7.74707,8.253409,38.728813,41.573925,18.668833,42.92683,48.648651,39.640343,21.019608,25.36657,38,3.5,703,5.464844,215
3098100,160,185,237,208,227,238,137,212,-43.6875,-44.4375,-47,-45.8125,-46.6875,-46.875,-46,-47.125,15.75,10.25,4.375,10.375,9.0625,8.4375,9.1875,12.1875,32.1875,31.875,30.125,31.5625,28.6875,30.6875,32,38.3125,16.75,18,11.3125,17.3125,13.5625,10.125,37.4375,10.0625,40,45,49,46,46,48,46,46,160,185,237,208,227,238,137,212,0.880127,0.919922,0.870117,0.810303,0.833496,0.839844,0.843506,0.909912,0.699707,0.639893,0.619873,0.699707,0.666504,0.660156,0.67627,0.649902,-10.375,-15.0625,-31.5,-14.625,-6.5625,-14.875,-29.5625,-25.3125,-25.44556,-29.436142,-38.068962,-26.973696,-29.306253,-35.022102,-36.097038,-31.691668,18.567673,20.35495,28.701868,18.786127,16.73769,20.782158,31.530109,20.644436,41.504208,47.466721,36.705963,47.666355,36.989136,40.357105,34.633743,40.985981,34.999924,29.909918,28.997458,29.171854,40.931675,29.072603,20.156723,27.472383,4.928202,2.268413,5.594709,4.375667,5.341498,9.788135,13.679428,10.897198,43.904449,38.843651,19.967794,40.306946,53.233833,41.25705,20.806963,25.530359,38,3.375,704,5.265625,200
3099780,184,221,300,228,242,240,206,262,-47.6875,-48.625,-51.9375,-50.4375,-50.6875,-51.0625,-52.6875,-51.5625,15.1875,8.9375,3.5625,10.75,8.625,9.6875,8.75,11.3125,32.1875,30.375,29.875,32.0625,30.25,27.375,33.5,39.5625,14.9375,14.375,6.9375,16.0625,12.5625,6.625,13.625,9.9375,44,49,52,48,49,50,50,49,184,221,300,228,242,240,206,262,0.945801,0.888184,0.939941,0.870117,0.959961,0.889893,0.850098,0.940186,0.754395,0.751953,0.700195,0.76001,0.640137,0.710205,0.790039,0.719971,-12.03125,-18.875,-15.15625,-15.375,-9.125,-19.8125,-33.375,-30.5625,-27.358255,-32.78101,-43.918533,-29.181654,-26.019295,-36.689732,-41.513371,-36.131992,15.369792,20.182568,23.468893,16.487316,14.108734,18.664623,25.028828,21.776651,41.125099,46.169987,37.966915,47.640194,35.721611,42.212021,41.067005,41.621662,37.46365,29.495531,30.49781,30.686993,41.802948,29.030254,23.886225,26.6661,6.041461,4.151913,8.066383,5.185494,8.366709,10.093102,10.017939,9.935596,44.64006,36.842106,43.374817,42.5,51.871658,38.109756,22.407541,23.045267,35.5,3.566406,705,5.996094,235
3101480,167,224,271,209,220,261,177,235,-48.4375,-50.9375,-50.5,-50.4375,-51.5625,-50.375,-51.75,-50.3125,13.75,11.0625,3.3125,12.6875,8.5625,10.3125,8.5,11.9375,32.1875,32.625,30.625,31.8125,30.25,32.375,28.5,39.0625,15.25,16.9375,9.6875,16.875,12.3125,10.5625,9.25,10.75,45,48,52,47,50,52,51,50,167,224,271,209,220,261,177,235,0.939941,0.969971,0.899902,0.859863,0.859863,0.899902,0.830078,0.959961,0.800049,0.73999,0.76001,0.800049,0.76001,0.699951,0.809814,0.719971,-12.75,-18.375,-15.75,-17.625,-1.5,-16.625,-34.1875,-28.625,-30.23287,-32.341896,-42.271896,-28.339424,-25.984978,-35.823048,-41.182743,-34.497288,18.549551,17.404835,24.034561,15.42415,15.972419,18.137053,28.797287,21.809534,40.239506,47.222649,39.855522,48.557735,33.218857,42.03511,39.942158,42.661911,34.428303,32.256786,29.518049,30.932236,41.119373,30.146746,21.326729,26.842106,6.782642,3.115728,6.591865,5.085881,9.689346,9.68109,9.933827,8.686445,44.263565,38.967838,42.061703,39.89362,61.19175,40.785496,20.48105,24.265736,35,3.558594,706,6.050781,220
3103100,164,210,263,207,238,227,171,225,-44.8125,-48.1875,-49.6875,-49.3125,-49.125,-50.125,-50.375,-50.5625,15.5625,10.4375,4.25,12.625,8.625,9.4375,11.125,11.875,31.125,32.625,31.625,29.6875,30.25,30.6875,33.25,40.0625,15.8125,17.3125,11.125,14.5,12,10.0625,14,14.375,42,46,51,46,48,50,48,49,164,210,263,207,238,227,171,225,0.889648,0.959961,0.910156,0.840088,0.940186,0.890137,0.830078,0.929932,0.770264,0.719971,0.699951,0.77002,0.639893,0.699951,0.780029,0.709961,-11.0625,-19.0625,-34.8125,-15.5625,-8.1875,-18.125,-29.0625,-27.75,-25.758038,-31.518751,-41.163719,-28.328228,-23.416538,-36.774448,-38.322369,-34.480698,17.274845,19.091316,25.111061,15.874924,14.794562,19.519629,24.080198,23.336332,41.767387,47.551506,39.413082,48.810841,33.553391,41.752289,40.363728,42.845562,35.67424,30.56115,28.988712,30.420715,41.924492,29.293091,26.636473,25.451118,5.283531,2.796027,6.487145,4.893524,9.727558,9.434993,8.9196,8.366983,44.444447,36.188271,18.293621,41.602467,51.877934,39.233719,25.485798,25.172413,37,3.597656,707,5.828125,213
3104720,203,223,260,218,224,258,166,232,-45.875,-48.625,-48.625,-49.5625,-48.875,-49,-49.625,-49.0625,12.875,9.3125,3.8125,11.5,9.3125,8.625,10.3125,11.8125,32.9375,30.625,31.875,31.3125,28.9375,30.1875,33.75,38.0625,16.0625,15,10.8125,15.375,11.8125,8.9375,15.6875,9.4375,43,46,50,45,47,49,48,48,203,223,260,218,224,258,166,232,0.890137,0.850098,0.899902,0.850098,0.840088,0.869873,0.810059,0.939941,0.77002,0.780029,0.700195,0.77002,0.72998,0.710205,0.790039,0.700195,-13.25,-20.5,-32.25,-16.75,-6.8125,-17.125,-31.375,-26.625,-27.166977,-33.125492,-40.313011,-29.1,-22.62159,-36.260784,-37.896252,-33.305756,16.344048,19.960875,25.584402,16.5397,15.028088,19.019875,25.525341,21.283239,43.237259,45.284954,39.268162,47.194656,33.680233,40.347363,42.332378,41.13063,36.2477,29.756256,27.673248,30.652559,42.828121,30.224827,24.578472,26.975355,4.170989,4.997918,7.47418,5.613087,8.463558,10.407939,7.563812,10.610776,41.395718,35.377357,20.341616,40.571873,54.056229,40.252567,21.889055,25.753227,37,3.59375,708,5.824219,223
3106360,171,216,259,205,253,243,167,229,-44.5625,-48.375,-49.0625,-46.875,-48.875,-46.875,-51.5,-47.125,14,10.1875,4.1875,11.25,7.375,8.5,13.1875,11.5625,31.9375,30.375,31.875,29,29.75,27.375,30.4375,38.5625,16.875,15,11.4375,14.5625,12.1875,5.875,12.4375,10.8125,43,48,51,46,49,51,49,49,171,216,259,205,253,243,167,229,0.870117,0.899902,0.890137,0.830078,0.910156,0.830078,0.810059,0.909912,0.769775,0.73999,0.689941,0.75,0.639893,0.689941,0.75,0.689941,-12.5,-16.75,-32.75,-16.25,-10.5625,-14.875,-32.375,-24.625,-25.609375,-31.865116,-40.435669,-26.803661,-31.41354,-35.84375,-36.479752,-31.969402,17.22419,19.424278,26.37668,16.936356,16.759359,21.248047,21.998653,21.80892,44.904793,47.079098,38.32243,48.295731,37.127556,40.215767,39.912518,43.536385,34.351421,29.145887,28.519169,28.910805,38.831367,28.485697,26.930681,25.934708,3.5196,4.350736,6.781726,5.85711,7.281718,10.050493,11.158149,8.719983,41.911766,39.285713,20.15444,39.168663,49.052135,40.861931,22.238373,26.258205,36.5,3.621094,709,5.941406,217
3107960,171,221,275,207,257,240,169,221,-45.625,-49.375,-50.9375,-49.5625,-48.875,-48.0625,-49.1875,-49.0625,10.125,9.9375,2.5625,13.375,7.3125,9.125,10.125,12.5,31.125,30.625,31.875,31.125,30,32.625,32.75,39.5625,16.5,15.25,11.625,18.75,13,10.75,13.625,13.6875,45,47,51,46,49,50,48,48,171,221,275,207,257,240,169,221,0.870361,0.820068,0.869873,0.839844,0.849854,0.829834,0.840088,0.919922,0.769775,0.800049,0.720215,0.740234,0.730225,0.710205,0.76001,0.700195,-14.0625,-19.5625,-37.4375,-14.875,-8.4375,-15.875,-30.6875,-26.875,-27.911396,-33.17318,-43.858627,-27.527718,-28.077469,-36.025696,-37.998444,-32.456547,21.103643,20.015541,25.953732,15.767701,16.734371,20.704586,25.11249,21.71701,45.773022,47.309292,38.271446,48.417004,36.137707,40.881599,38.533863,43.479408,29.015589,28.278011,29.239849,30.615526,40.047539,28.451475,26.012924,26.423946,4.107749,4.397151,6.534968,5.199774,7.080382,9.962337,10.340722,8.379641,40.857605,36.467888,16.301888,42.989929,51.267826,39.891556,22.578184,25.035263,37.5,3.429688,710,5.488281,220
3109560,158,221,264,215,221,223,179,231,-46.125,-47.6875,-49.5,-49.5625,-48.875,-48.25,-50.5625,-48.5625,11.3125,9.9375,2.375,11.4375,9.25,8.625,9.3125,11.375,30.3125,32.375,31.875,29.4375,29.75,27.1875,33.5,39.3125,17.375,15.875,11.9375,14.3125,12.5625,6.0625,15.4375,11.75,44,47,50,46,47,49,49,48,158,221,264,215,221,223,179,231,0.849854,0.859863,0.860107,0.830078,0.820068,0.870117,0.819824,0.919922,0.77002,0.760254,0.72998,0.75,0.72998,0.689941,0.760254,0.699951,-15.9375,-17.9375,-16,-15.375,-12.6875,-14.125,-32.0625,-26.375,-30.11174,-30.720673,-42.889847,-28.035173,-27.920002,-37.477676,-38.975716,-33.376041,21.335569,19.55847,26.513052,16.384336,16.272726,21.65592,28.901667,22.679342,44.000237,47.120892,38.780777,46.474545,36.563557,39.875824,38.354103,43.360321,29.863045,30.102301,28.907915,31.291956,39.717339,28.855715,23.93964,26.000034,4.801151,3.218334,5.798259,5.849163,7.446375,9.612541,8.804597,7.960299,39.364304,37.15847,41.167435,42.141758,46.025436,42.723007,22.007435,25.248932,37.5,3.378906,711,5.40625,214
3111180,180,218,255,218,239,246,174,232,-48.6875,-49.125,-48.0625,-48.75,-48.25,-48.5,-52,-49.3125,9.9375,10.1875,1.6875,12.125,7.9375,9.4375,14.0625,12.0625,31.625,29.875,30.625,31.3125,29.75,31.4375,33.5,39.5625,16.8125,13.6875,11.3125,15.3125,12.6875,10.3125,17.1875,11.875,46,46,51,46,48,49,48,49,180,218,255,218,239,246,174,232,0.899902,0.890137,0.846924,0.839844,0.87207,0.839844,0.819824,0.929932,0.750244,0.75,0.713135,0.740234,0.667969,0.680176,0.740234,0.670166,-15.8125,-19.8125,-34.5625,-15.8125,-4.75,-16.625,-31.125,-26.625,-31.400797,-31.987162,-42.225468,-27.809113,-24.245428,-35.721233,-36.324696,-33.040787,19.415171,19.414118,28.17716,16.205177,16.351997,19.327898,19.756279,22.404652,43.674397,47.311939,37.677734,47.472607,35.018711,40.724968,43.918369,43.107399,32.189693,29.152954,27.498367,30.530891,41.229813,28.837702,25.628265,25.811001,4.720737,4.120993,6.646733,5.791326,7.399482,11.109429,10.697087,8.676945,40.933853,36.076923,16.994493,41.139732,55.76923,39.874901,24.415205,25.527426,37,3.527344,712,5.714844,220
3112780,161,216,271,203,225,255,168,225,-47.1875,-47.9375,-49.5,-48.4375,-50.0625,-48.0625,-49.4375,-48.3125,10,10.0625,2.3125,12.4375,8.3125,8.125,10.25,12.3125,30.3125,32.125,31.625,31.5625,29.25,31.625,32.75,39.0625,17.6875,16.8125,11.6875,17.5,12,9.5,15.125,10.875,44,46,50,45,48,49,48,47,161,216,271,203,225,255,168,225,0.880127,0.880127,0.810059,0.840088,0.77002,0.850098,0.830078,0.860107,0.76001,0.75,0.77002,0.73999,0.780029,0.709961,0.73999,0.699951,-19.6875,-17.1875,-36.9375,-14.1875,-8.1875,-16.125,-30.9375,-24.8125,-34.854607,-31.184376,-43.18708,-27.294853,-28.399307,-36.555927,-37.212791,-32.476936,22.610889,19.477144,26.659294,16.403719,17.07078,20.818083,26.348961,20.769869,43.513729,47.607487,37.905266,47.573151,34.90789,39.74802,42.171406,41.864582,29.386097,29.652552,28.499464,31.060293,39.983101,29.109043,24.244982,25.813326,4.489282,3.262819,6.935977,4.962841,8.038232,10.324851,7.234649,11.552223,35.483871,38.407497,15.485363,42.8125,52.797478,40.07843,22.509506,26.81883,37.5,3.640625,713,5.828125,215
3114400,166,187,244,195,248,269,175,229,-48.1875,-45.0625,-48.25,-46.875,-49.125,-47.8125,-48.6875,-47.8125,8.75,12.3125,4.1875,11.9375,7.9375,7.5625,7.25,12.25,30.3125,31.125,31.125,32.0625,28.375,32.125,30.125,38.5625,17.125,15.875,11.25,17.5625,12.75,10.3125,12.25,11,46,46,49,46,48,51,49,48,166,187,244,195,248,269,175,229,0.879883,0.879883,0.793213,0.839844,0.810059,0.810059,0.816406,0.889893,0.800049,0.780029,0.806641,0.780029,0.77002,0.76001,0.813477,0.75,-17,-14.3125,-33.5,-13,-13.5,-28.8125,-33.375,-25.875,-32.805149,-27.601734,-39.879799,-25.963249,-32.161366,-36.101543,-38.985371,-31.706593,21.57472,17.391113,26.260063,17.372526,16.781136,21.520596,33.183868,20.442844,42.14962,48.886578,36.016102,46.627422,37.017975,39.444881,37.638729,42.056736,30.420631,30.902567,29.601479,30.888575,37.637405,30.137878,21.559019,27.74221,5.855029,2.81974,8.12236,5.111472,8.563482,8.89664,7.618382,9.758205,39.729301,39.709442,18.582678,42.913696,45.967743,23.76857,18.977537,25.397974,37,3.578125,714,5.800781,214
3115960,204,214,255,231,238,257,188,223,-45.625,-47,-49.0625,-46.875,-47.5625,-49,-48.4375,-47.5625,7.3125,10.3125,2.4375,10.4375,7.9375,8.625,8.5625,11.3125,31.375,31.875,31.125,32.3125,30,31.4375,33.75,38.3125,16.5625,16.375,12.25,13.6875,12.5625,9.875,14.25,11.25,46,45,50,45,47,49,47,46,204,214,255,231,238,257,188,223,0.859863,0.850098,0.875,0.830078,0.829834,0.840088,0.855957,0.890137,0.770264,0.77002,0.695068,0.75,0.710205,0.699951,0.714111,0.699951,-10.8125,-16.0625,-34.8125,-15.125,-6,-13.375,-30.1875,-26.375,-26.479166,-30.694944,-42.298275,-27.928322,-22.713282,-37.19701,-38.339756,-32.070488,20.280958,19.604658,28.314299,17.361439,16.213808,20.395821,26.904667,23.09568,42.811329,47.538666,37.205601,46.275856,35.386856,39.85841,39.662342,41.730801,33.255188,29.589363,28.384596,30.220312,41.155769,29.516727,25.202093,25.763187,3.652525,3.267319,6.095505,6.142394,7.243571,10.229043,8.230899,9.410336,45.211037,39.223454,17.770849,40.094711,53.585815,44.289043,22.205322,24.672489,38,3.445313,715,5.378906,226
3117580,170,197,258,210,240,249,175,223,-47.1875,-48.1875,-48.4375,-47.9375,-49.375,-49,-49.1875,-47.5625,7.5,14.125,2.5625,12.5625,7.5625,8.125,8.0625,12.0625,30.3125,32.375,31.375,32.0625,29.75,30.9375,28.8125,38.8125,17.625,17.375,11.875,17.125,12.3125,9.8125,10.125,11.75,46,46,50,45,48,49,49,48,170,197,258,210,240,249,175,223,0.869873,0.829834,0.83667,0.820068,0.820068,0.850098,0.810059,0.899902,0.76001,0.780029,0.753418,0.75,0.75,0.719971,0.77002,0.709961,-13,-14.0625,-35.625,-14.625,-11.375,-14.625,-32.875,-25.3125,-29.750961,-29.529688,-41.662209,-26.391666,-26.730209,-38.03857,-38.655281,-32.150215,22.086948,16.343699,27.284761,16.10651,17.32612,21.159658,30.880638,21.438786,43.861366,47.691597,38.111046,48.143795,34.745552,38.841267,37.670918,43.209606,29.642153,33.160179,28.673059,30.113232,39.676048,30.138788,22.91939,25.715664,4.409531,2.804528,5.931133,5.636463,8.252281,9.860292,8.529048,9.635946,43.655228,42.358418,16.053251,41.640625,48.025276,43.002346,19.847908,25.759769,37,3.488281,716,5.65625,215
3119180,165,230,239,207,231,246,177,227,-46.875,-48.375,-47.25,-48.1875,-49.8125,-47.5625,-51.5,-48.0625,12.1875,9.6875,2.125,11.8125,10.4375,8.375,10.8125,11.8125,30.875,32.375,28.25,27.8125,30,30.4375,31.5,39.3125,17.125,15.8125,9.75,14,12.75,10.5,15.1875,12.4375,43,46,50,45,47,49,48,48,165,230,239,207,231,246,177,227,0.910156,0.889893,0.909912,0.819824,0.790039,0.849854,0.810059,0.920166,0.75,0.750244,0.670166,0.750244,0.75,0.690186,0.75,0.679932,-19.1875,-18.875,-34.5625,-16.25,-6.3125,-14.625,-29.75,-25.3125,-30.121876,-31.568188,-41.333824,-27.68104,-22.148865,-36.153984,-38.315025,-32.179214,21.131847,19.363564,28.493128,16.601028,14.343323,21.051083,25.359484,22.028439,45.445736,46.505859,38.847549,48.036232,33.93882,39.9034,42.879372,43.908493,28.477901,29.44327,27.524258,30.634758,43.178959,29.168665,21.654276,25.371769,4.94452,4.687311,5.135067,4.727981,8.538904,9.876848,10.106872,8.691298,35.610931,36.532505,16.233255,40.267925,54.502743,42.227562,25.663715,26.037195,37.5,3.359375,717,5.378906,215
3120780,145,189,266,201,266,239,179,223,-45.875,-45.5625,-48.625,-46.875,-49.625,-47.3125,-49.4375,-47.375,14.75,11.9375,2.5625,13.375,6.875,8.25,9.625,12.4375,31.625,31.875,30.125,31.125,29.25,28.5,32.75,38.8125,17.5625,17.3125,10.8125,16.9375,13.1875,8.125,15.875,10.875,42,45,50,45,48,50,49,48,145,189,266,201,266,239,179,223,0.900146,0.840088,0.920166,0.840088,0.810059,0.849854,0.820068,0.880127,0.73999,0.76001,0.659912,0.719971,0.72998,0.650146,0.76001,0.699951,-14.625,-15.3125,-36.375,-13.25,-11.625,-28.5625,-30.21875,-24.125,-29.813816,-27.230673,-42.034855,-25.527258,-34.199375,-36.117947,-36.314056,-31.174717,22.473413,17.762753,26.807631,15.757468,17.721565,21.583567,28.90592,20.743265,42.322876,48.21891,37.646461,47.200958,37.454807,40.389198,43.132706,42.62711,29.412443,31.461529,29.835594,31.370459,38.469067,28.335194,22.590897,26.242897,5.791265,2.556806,5.710318,5.671117,6.354558,9.692043,5.370475,10.386732,40.322582,39.063759,15.935334,43.108974,48.177494,23.961662,23.384029,26.97607,37.5,3.519531,718,5.632813,213
3122340,167,217,239,211,222,251,163,229,-45.3125,-46.5,-48.0625,-47.6875,-46.9375,-47.8125,-47.9375,-48.5625,11.25,9.625,2.5,11,8.75,8.375,9,11.375,31.375,31.625,29.625,31.125,30,30.9375,32.25,38.3125,14.3125,15.75,12.5,16.3125,12.375,9.6875,15.25,9.9375,43,45,49,44,46,49,47,47,167,217,239,211,222,251,163,229,0.879883,0.97998,0.909912,0.819824,0.800049,0.880127,0.799805,0.880127,0.73999,0.619873,0.659912,0.75,0.719971,0.659912,0.77002,0.679932,-14.0625,-17.4375,-34.5625,-16.25,-5.1875,-14.375,-30.6875,-26.125,-28.207291,-31.582703,-41.582176,-27.67169,-21.968468,-36.052097,-36.97205,-33.084175,21.544243,20.033545,28.399261,17.117142,16.377743,20.9597,29.746771,22.3234,41.158516,46.570305,39.151756,48.35154,34.363361,40.042858,41.859337,40.61784,30.997509,29.576725,28.361481,29.501638,40.850945,29.362423,21.877953,25.994438,6.299733,3.819423,4.087498,5.02968,8.407952,9.635022,6.515941,11.064323,40.749798,37.400322,17.494089,39.888977,54.264824,42.460316,21.512081,25.753227,38,3.535156,719,5.519531,212
3123960,202,207,259,192,241,238,178,223,-46.625,-45.3125,-49.0625,-46.375,-48.875,-47.125,-50.125,-47.375,6.125,10.375,2.0625,13.0625,7.8125,8,9,11.75,31.625,31.375,31.125,30.375,28.6875,29,33.5,39.3125,17.0625,14.75,12.125,17.875,12.375,8,15.6875,11.8125,48,46,51,46,48,50,49,48,202,207,259,192,241,238,178,223,0.875977,0.939941,0.879883,0.840332,0.846436,0.849854,0.810303,0.909912,0.783936,0.719971,0.719971,0.779541,0.733398,0.719971,0.789551,0.72998,-13.25,-16.75,-37.1875,-12.3125,-9.125,-15.375,-33.125,-25.3125,-28.994232,-29.675215,-43.323425,-25.682484,-27.241571,-35.749123,-38.683926,-31.991241,22.220791,17.714186,27.323505,16.372028,16.661045,21.446642,29.355171,21.90296,43.389011,46.285267,37.614296,48.169579,35.532978,40.895458,39.787323,41.264095,30.244413,31.34708,28.306051,31.289118,40.218929,28.471422,20.221382,26.975368,4.145782,4.653468,6.756148,4.169275,7.58705,9.18648,10.636124,9.857574,42.651756,37.251789,15.073815,44.381107,51.248993,40.413685,20.32885,25.450615,37,3.558594,720,5.769531,217
3125600,212,224,269,215,234,247,211,254,-48.1875,-49.125,-49.5,-49.5625,-48.6875,-49.875,-51.3125,-50.3125,7,10,2.625,12.375,7.5625,9.875,8.25,11.25,32.4375,32.625,31.375,31.5625,29.25,27.1875,29.625,38.8125,16.625,15.9375,11.3125,16.1875,11.5,5.75,10.375,9.625,48,46,51,46,49,49,50,49,212,224,269,215,234,247,211,254,0.899902,0.939941,0.930176,0.930176,0.820313,0.920166,0.93335,0.939941,0.76001,0.73999,0.679932,0.679932,0.719727,0.659912,0.686523,0.709961,-13.8125,-20.5,-15.1875,-15.8125,-6.3125,-15.375,-34.4375,-28.625,-28.666704,-33.021122,-42.804695,-29.082617,-21.744331,-35.630478,-40.748959,-34.541355,19.988873,19.3536,26.366673,15.402551,15.85266,18.350632,26.758913,22.073341,42.240955,46.27301,39.13752,48.689873,32.308746,41.370712,41.050488,43.422997,33.511467,29.628813,28.218416,30.668282,41.068508,30.207447,25.662443,25.029737,4.258699,4.744575,6.277391,5.239297,10.770082,10.071209,6.52816,9.473924,42.635658,35.015289,42.559753,42.004593,54.566933,42.331287,19.722424,24.333801,36.5,3.484375,721,5.714844,233
3127240,207,216,258,205,226,238,165,205,-47.1875,-47.9375,-49.875,-49.3125,-49.375,-49,-55.375,-48.3125,7.9375,9.625,2.375,13,8.125,8.75,16.625,12.4375,31.9375,32.375,31.375,31.8125,29.5,26.75,34.9375,39.8125,15.125,16.6875,11.5,17.125,11.8125,5.75,16.8125,11.5,47,47,51,46,49,50,48,47,207,216,258,205,226,238,165,205,0.860107,0.900146,0.887207,0.860107,0.919922,0.879883,0.840088,0.939941,0.800049,0.77002,0.712891,0.75,0.630127,0.690186,0.75,0.710205,-10.1875,-18.875,-36.375,-15.8125,-5.875,-17.375,-29.3125,-26.625,-25.679401,-32.160042,-43.560097,-27.710058,-23.020834,-36.544125,-37.758099,-32.80875,19.179539,20.353708,27.433794,15.350847,15.046075,20.344662,16.400541,22.810303,40.893116,46.512856,37.973145,49.087669,32.201481,41.270317,45.586826,41.450729,35.047722,29.092884,28.153069,30.214521,41.443359,28.302393,26.92337,25.803787,4.879622,4.040554,6.439994,5.346962,11.309081,10.082624,11.089266,9.935179,46.761452,36.186771,16.615385,41.294296,55.642635,39.438812,28.858131,24.60993,36.5,3.5,722,5.742188,215
3128860,185,206,244,202,241,243,202,227,-47.9375,-48.375,-49.5,-48.1875,-50.0625,-49.4375,-52.6875,-48.8125,9.625,9.9375,3.125,11.4375,7.875,8.5625,6.5,11.8125,31.375,31.375,30.875,29.4375,30.25,31.625,29.875,39.5625,16.3125,15.625,11.625,14.0625,12.375,10,12.125,9.875,45,46,50,46,48,50,49,47,185,206,244,202,241,243,202,227,0.889893,0.899902,0.899902,0.859863,0.840088,0.880127,0.85498,0.939941,0.75,0.73999,0.679932,0.719971,0.719971,0.679932,0.744873,0.699951,-11.75,-17.4375,-36.125,-15.8125,-7.5,-16.125,-36.875,-26.375,-28.88028,-32.661003,-42.59486,-27.743422,-25.695446,-37.393547,-42.53854,-33.562126,19.35327,20.175922,26.164207,16.610065,16.275175,20.561741,33.656616,21.616711,43.077343,46.684494,37.938889,46.265079,35.170967,39.929474,41.336746,40.993214,33.521358,29.746389,29.229572,30.987698,40.380798,29.349957,19.42359,26.849684,4.048027,3.393196,6.667328,6.137154,8.173062,10.158828,5.583049,10.540394,45.626476,38.194447,16.640747,41.078506,52.996109,41.094833,18.188354,25.388968,37,3.558594,723,5.769531,218
3130480,176,216,264,216,253,239,160,219,-46.625,-48.625,-49.5,-48.75,-50.5,-47.3125,-49.4375,-48.3125,7.375,11.5625,2.8125,11.625,7.4375,8.1875,8.625,11.5,31.375,32.125,31.375,32.3125,29.25,28.0625,33,39.8125,15.25,16.5625,11.625,17.1875,12.5625,6,16.375,10.6875,46,46,50,46,48,49,48,46,176,216,264,216,253,239,160,219,0.880127,0.880127,0.833496,0.840088,0.840088,0.859863,0.860107,0.900391,0.73999,0.719971,0.706543,0.719971,0.719971,0.670166,0.719971,0.699707,-11.0625,-16.75,-35.625,-13.9375,-11.375,-13.875,-32.625,-25.0625,-25.891966,-32.086208,-42.395428,-26.796297,-28.543751,-35.837074,-38.466476,-33.304802,20.856739,18.532951,26.717356,16.645256,17.282032,21.199574,32.374187,22.231897,38.75246,47.638157,37.383144,47.361008,36.025028,39.558372,40.861111,41.892197,35.036713,30.345715,28.696671,30.700298,39.482353,29.543451,19.509308,25.406855,5.354088,3.483176,7.202832,5.293442,7.210581,9.698607,7.255396,10.469051,45.592949,39.473686,17.156105,42.945255,49.059563,42.359463,20.394238,26.38298,37,3.683594,724,5.96875,217
3132100,204,213,258,232,241,238,154,213,-47.1875,-47.6875,-49.5,-48.75,-49.125,-48.25,-54.1875,-47.8125,8.6875,10.5,2.6875,10.9375,8.125,8.0625,17.6875,11.625,31.375,32.125,30.875,32.0625,30.25,32.125,33.75,37.5625,14.9375,16.1875,11.5,13.5,11.5,10.5,15.6875,8.875,46,46,50,46,48,50,47,46,204,213,258,232,241,238,154,213,0.859863,0.879883,0.874023,0.820068,0.830078,0.840088,0.859863,0.869873,0.76001,0.73999,0.696045,0.75,0.709961,0.699951,0.719971,0.709961,-10.625,-16.0625,-35.625,-15.125,-8.6875,-15.375,-28.5625,-26.375,-27.420313,-31.303242,-42.964123,-28.701462,-24.518126,-37.296524,-35.415779,-32.883144,18.568586,19.117275,27.333897,16.706722,16.753397,21.817268,14.726927,22.629395,40.082516,46.376141,38.122253,47.040211,34.659531,39.859291,47.599365,39.55085,35.695896,29.980989,27.988535,29.721849,39.55756,28.435751,27.791286,26.174398,5.653008,4.525592,6.555314,6.531221,9.02951,9.887685,9.882427,11.645358,46.539379,39.624119,17.262831,41.608662,50.944881,40.902023,29.140013,24.819103,37,3.558594,725,5.769531,219
3133720,195,215,247,227,211,219,212,227,-46.125,-47.6875,-48.25,-48.1875,-49.375,-47.8125,-50.375,-49.0625,7.5,9.375,1.875,11.0625,9.125,9.125,8.9375,11.875,31.625,31.875,30.625,31.8125,24.625,31.1875,34.5,39.0625,17.875,15.6875,10.8125,15.875,6.9375,10.125,16.1875,10.0625,47,47,50,47,49,50,50,48,195,215,247,227,211,219,212,227,0.880127,0.939941,0.839844,0.820068,0.820068,0.839844,0.790039,0.929932,0.790039,0.720215,0.770264,0.780029,0.75,0.740234,0.810059,0.730225,-10.375,-16.5,-35.625,-14.625,-1.25,-13.375,-31.375,-26.375,-24.195,-33.16634,-42.379395,-26.757078,-24.581142,-36.000942,-38.577618,-33.74675,20.036032,19.781967,27.417105,16.660622,15.817647,20.526304,28.533051,22.258736,41.84507,45.892609,38.814213,47.244732,33.028839,40.252529,41.887547,40.831001,35.552711,30.061153,27.698315,30.146698,41.474663,28.697729,23.177164,26.128244,2.566185,4.264271,6.070367,5.947948,9.678849,10.523436,6.402241,10.782016,45.980705,39.719627,15.855573,41.953125,61.208267,43.591774,22.38586,25.74468,37,3.664063,726,5.941406,219
3135320,206,214,254,237,253,223,169,202,-45.625,-46.75,-48.625,-49.5625,-49.125,-47.8125,-51.75,-47.8125,7.5,9.625,2.9375,10.6875,7.5625,10.6875,13.3125,12,32.4375,31.875,30.875,31.5625,30.25,31.1875,34.25,39.8125,16.875,17.0625,10.9375,14.1875,12.0625,10.25,15.625,11.625,46,46,50,46,48,48,47,46,206,214,254,237,253,223,169,202,0.879883,0.859863,0.870117,0.830078,0.830078,0.893555,0.810059,0.899902,0.73999,0.73999,0.689941,0.73999,0.699951,0.646484,0.75,0.699951,-8.875,-14.8125,-35.625,-15.21875,-4,-15.875,-30.270834,-27.1875,-25.216017,-30.633057,-42.070076,-29.465143,-19.997734,-34.747772,-37.024734,-32.691299,20.280188,20.093178,27.12023,16.709881,16.436865,19.268465,22.183046,23.546032,42.509739,47.770855,37.666595,47.188931,32.125797,40.230991,43.207577,40.972996,33.76543,28.934738,28.808998,30.148252,43.144302,30.573109,24.72134,24.25577,3.444641,3.201227,6.404181,5.952936,8.293037,9.927435,9.888038,11.225204,47.077663,40.620033,16.25,42.334358,56.850391,40.427216,24.975775,23.537804,37.5,3.554688,727,5.6875,219
3136940,174,229,260,208,247,248,179,212,-46.625,-48.1875,-49.6875,-47.375,-51.375,-48.25,-49.1875,-47.375,8.3125,10.3125,4.5625,11.1875,6.375,8.0625,8.0625,12.25,30.3125,32.625,29.875,32.3125,29.75,27.375,33,39.8125,15.625,16.9375,10,17.6875,13.625,5.9375,15.25,12,46,46,50,46,48,50,48,46,174,229,260,208,247,248,179,212,0.879883,0.879883,0.889893,0.909912,0.839844,0.849854,0.820068,0.909912,0.730225,0.740234,0.670166,0.660156,0.720215,0.690186,0.76001,0.710205,-12.5,-16.5,-34.3125,-12.3125,-11.9375,-13.875,-32,-25.0625,-29.947498,-32.557144,-40.845932,-26.488556,-40.561424,-37.073898,-38.64991,-31.364473,21.226938,19.824371,25.670967,17.44577,19.235394,21.503025,31.058968,21.811039,40.761951,47.700394,37.507824,47.764465,35.973282,39.934807,40.340378,43.407745,34.268204,28.667435,30.313745,30.744141,37.903725,29.426908,21.720137,25.621164,3.742907,3.807802,6.507463,4.045627,6.887604,9.135255,6.880517,9.160052,43.890675,39.211136,19.084562,44.21875,48.613251,43.035992,20.912548,25.591396,37,3.578125,728,5.796875,219
3138540,174,225,250,217,215,228,170,215,-44.8125,-47,-48.625,-48.1875,-48.4375,-47.5625,-50.375,-48.0625,12.625,10.375,1.875,10.5,9.5,9.125,11.25,11.125,32.4375,32.375,30.625,32.0625,30.25,26.0625,33.5,39.0625,16.5625,15.125,11.8125,16.25,13,4.875,16.4375,10.125,43,46,50,46,46,48,48,46,174,225,250,217,215,228,170,215,0.890137,0.940186,0.813477,0.840332,0.830078,0.839844,0.840088,0.910156,0.729736,0.659912,0.726563,0.729736,0.709961,0.680176,0.73999,0.689941,-11.3125,-15.0625,-35.625,-15.125,-2.4375,-15.625,-31.125,-26.875,-25.350595,-29.996347,-42.517044,-28.231564,-24.36591,-35.638023,-36.823856,-33.370598,18.989525,18.356014,27.723133,17.738815,15.957422,20.674391,25.572914,23.502111,41.15345,45.77158,37.842972,47.829006,35.041042,40.661316,42.816818,40.976536,35.101692,31.044992,27.780876,29.228765,41.420727,28.364801,24.79936,24.824198,4.755338,4.82741,6.653017,5.203412,7.580808,10.299493,6.810906,10.697153,43.365696,40.236221,16.300941,41.199379,58.459099,40.427216,22.950819,24.318508,37.5,3.414063,729,5.464844,211
3140160,201,229,257,214,222,251,167,211,-47.1875,-47.6875,-48.0625,-47.375,-48,-48.0625,-50.125,-47.8125,7.375,9.1875,2.375,10.625,9.125,8.375,11.25,12,32.1875,33.125,29.625,31.8125,29.75,27.1875,33.75,39.0625,15.8125,16.0625,10.8125,16.8125,11.5,6.1875,15,11,47,47,50,46,47,50,48,47,201,229,257,214,222,251,167,211,0.869873,0.899902,0.899658,0.819824,0.929932,0.809814,0.809814,0.919922,0.77002,0.73999,0.660156,0.75,0.619873,0.719971,0.75,0.689941,-12,-16.5,-34.3125,-15.125,-3.375,-14.375,-31.375,-25.84375,-28.324776,-32.446922,-41.460888,-26.657166,-25.667629,-36.088314,-37.35054,-32.549477,20.427258,20.411516,27.528433,17.745701,15.560682,20.938787,24.242424,22.633453,40.614399,45.972443,37.620754,47.63686,34.147648,41.327686,39.150162,42.217121,34.111172,29.026716,28.961832,29.846806,41.228642,29.079569,25.94854,25.28064,4.847168,4.589321,5.888986,4.77063,9.063028,8.653949,10.658869,9.868787,44.330708,38.592422,17.697729,40.726124,57.633896,42.274509,22.354694,25.287771,37,3.4375,730,5.574219,219
3141760,196,210,254,199,226,232,209,218,-45.875,-45.5625,-48.625,-46.875,-48.4375,-47.5625,-49.875,-47.8125,8.4375,10.8125,1.5,12.1875,8.375,8.8125,9.1875,11.375,32.9375,32.375,30.125,31.5625,30.25,31.1875,34,38.0625,16.9375,17.25,11.5,17.25,12.375,10.125,16.75,10.75,46,45,51,45,47,49,48,47,196,210,254,199,226,232,209,218,0.870117,0.959961,0.850098,0.820068,0.810059,0.889893,0.820068,0.920166,0.73999,0.650146,0.709961,0.73999,0.719971,0.650146,0.75,0.689941,-11.5625,-15.5625,-37.4375,-15.375,-3.46875,-13.625,-31.125,-27.1875,-25.389881,-29.169678,-43.390869,-26.814148,-22.729465,-35.911522,-37.770027,-32.628815,19.497711,18.008432,27.779612,17.122511,16.375374,20.881952,26.97401,23.31337,43.049873,48.166489,38.183796,48.96418,33.130119,40.53054,41.996346,41.772205,32.750477,31.274342,28.620213,29.3405,41.1092,28.607664,25.874277,25.017408,4.701936,2.550735,5.416378,4.572805,9.385307,9.979845,5.155368,9.897019,43.536873,39.223454,14.341693,40.159363,57.148529,43.095238,22.354694,24.017467,37.5,3.515625,731,5.628906,218
3143360,221,220,255,213,226,245,178,222,-46.125,-46.0625,-48.25,-47.6875,-48.6875,-47.125,-48.6875,-48.0625,7.3125,9.75,2.375,10.375,7.875,7.8125,8.8125,11.4375,31.625,32.625,31.625,31.125,30,30.6875,33,38.5625,13.9375,15.5,12.875,16.1875,12.1875,9.4375,15.0625,11.25,46,46,50,46,48,49,48,47,221,220,255,213,226,245,178,222,0.849854,0.949951,0.909912,0.837891,0.840088,0.850098,0.780029,0.919922,0.73999,0.659912,0.649902,0.711914,0.699951,0.689941,0.76001,0.679932,-12,-15.5625,-34.8125,-16,-1.5,-14.125,-30.4375,-26.875,-29.091526,-30.420559,-41.751579,-27.990833,-22.950481,-36.896877,-37.919853,-33.225319,20.044876,19.70373,28.370438,17.742371,16.799364,21.008373,27.648142,22.770586,42.177208,46.284046,39.139854,48.004639,33.192883,38.698727,39.876072,42.269428,33.075569,30.127695,26.855192,29.107172,41.646748,30.094624,21.820639,25.682581,4.702342,3.884527,5.634519,5.14582,8.361007,10.198275,10.655142,9.27741,43.298969,38.954868,16.82316,40.206184,59.968227,42.409637,22.34124,24.458876,37.5,3.394531,732,5.433594,222
3144940,164,196,250,228,254,233,186,230,-46.125,-47,-50.125,-48.4375,-49.375,-46.875,-49.4375,-48.5625,11.9375,12.3125,2.375,10.4375,7.5625,8.125,5.75,11.875,30.0625,33.125,27.5,30.375,29.25,31.1875,32.25,38.5625,16.1875,17.625,8.3125,13.4375,12.3125,10.4375,14.6875,10.6875,43,45,49,45,46,48,48,46,164,196,250,228,254,233,186,230,0.870117,0.929932,0.820313,0.860107,0.800293,0.829834,0.840332,0.899902,0.72998,0.670166,0.739746,0.719971,0.719727,0.700195,0.729736,0.680176,-15.1875,-14.8125,-37.1875,-13,-10.3125,-28.8125,-33.625,-26.625,-31.51914,-29.086271,-43.780952,-27.00275,-33.612839,-36.094509,-40.083336,-32.267536,19.467644,17.332973,28.639767,16.612873,17.252483,22.018599,35.201759,20.419069,44.564186,48.017529,36.544289,45.547913,37.00729,39.46867,38.357513,43.105465,31.782282,31.432554,28.581989,32.189976,37.812275,29.178413,20.060316,27.038162,4.185888,3.216944,6.233957,5.64924,7.927948,9.33432,6.380416,9.437301,40.607056,40.171608,15.777439,44.158878,49.682037,23.138512,19.357307,25.179342,37.5,3.441406,733,5.4375,217
3146540,201,202,230,237,241,229,158,219,-45.875,-44.1875,-46.8125,-46.875,-48.4375,-47.125,-49.625,-47.125,8.625,9.625,1.375,10.625,9.75,8.625,11.9375,11.5,31.375,30.375,29.375,31.5625,29.75,30.1875,33.5,38.5625,15.3125,14.125,11.6875,13,12.625,9.75,16.125,11,45,45,49,45,47,48,46,46,201,202,230,237,241,229,158,219,0.829834,0.949951,0.870117,0.809814,0.910156,0.890137,0.77002,0.900146,0.790039,0.669922,0.689941,0.760254,0.619873,0.659912,0.790039,0.699951,-9.0625,-15.0625,-35.0625,-15.8125,-4,-14.125,-28.8125,-26.625,-24.420284,-29.776714,-41.561127,-27.99354,-21.326975,-36.071033,-36.400963,-31.919596,18.047916,19.470715,26.844826,16.72665,14.847112,21.025272,24.520325,23.838667,40.562878,45.654934,38.956184,46.555477,33.985859,39.290848,43.266644,42.015995,36.221012,30.835142,27.054152,30.140738,43.5093,29.655113,23.624697,24.565393,5.168194,4.03921,7.144839,6.577137,7.657724,10.028768,8.588333,9.579943,47.653725,38.717533,17.222223,39.601593,56.83453,42.68391,25.037592,23.924143,37.5,3.449219,734,5.519531,214
3148160,185,220,251,219,231,230,185,209,-46.875,-47,-48.4375,-46.375,-48.6875,-46.4375,-48.9375,-47.375,7.75,9.375,2.6875,10.625,7.9375,8.875,8.6875,11.625,30.3125,31.875,31.125,29.4375,29.25,31.875,33.5,39.0625,14.5,16,12.4375,13.6875,12.9375,11,15.875,11.6875,47,47,51,47,48,49,48,47,185,220,251,219,231,230,185,209,0.869873,0.879639,0.919922,0.81958,0.819824,0.859619,0.780029,0.919922,0.75,0.740234,0.639893,0.740234,0.709961,0.679932,0.779785,0.679932,-11.75,-17.9375,-35.3125,-13,-7.75,-14.375,-29.3125,-25.875,-26.07375,-31.670452,-41.775913,-26.179667,-36.014988,-33.895813,-37.625076,-32.451767,19.627371,20.265526,28.141848,17.133772,17.479362,20.794506,27.743256,24.114864,42.20639,46.274452,37.557388,45.940926,34.342037,41.849728,40.354546,41.042942,32.580719,29.61973,29.204386,30.880499,40.736446,29.049524,21.8988,24.698149,5.585519,3.840287,5.096375,6.044803,7.442153,8.306239,10.003395,10.144049,45.032051,36.729858,16.692791,43.064518,52.640003,40.941738,23.805914,24.873465,37,3.527344,735,5.714844,216
3149740,193,208,234,237,210,224,162,208,-45.3125,-45.5625,-48.4375,-47.6875,-48,-46.875,-52.25,-47.5625,7.75,9.6875,2.75,9.875,9.4375,8.4375,15.25,11.5,31.125,31.875,29.625,32.3125,28.375,30.9375,34.5,38.5625,16.1875,16.375,11.9375,14.0625,10.875,10.3125,18,11.5,46,46,50,46,47,49,47,47,193,208,234,237,210,224,162,208,0.870117,0.843506,0.899902,0.820068,0.909912,0.850098,0.800049,0.910156,0.75,0.75,0.650146,0.72998,0.600098,0.689941,0.73999,0.689941,-10.625,-15.8125,-35.0625,-14.4375,0.25,-13.875,-29.0625,-26.375,-29.256044,-30.407814,-41.851463,-28.099064,-21.683054,-35.787952,-35.884201,-32.709602,20.60066,20.4527,28.059402,17.669306,15.608652,21.485783,18.125048,22.926109,40.804455,46.537735,38.943562,47.125168,31.544733,39.762463,45.537743,40.173702,34.476871,29.81381,28.023287,29.593796,42.282207,29.238451,26.321205,26.221127,4.118012,3.195751,4.97375,5.611729,10.564405,9.513303,10.016006,10.679063,45.380215,38.418079,17.374214,41.5625,63.295269,42.409637,26.729107,24.60087,37.5,3.382813,736,5.347656,209
3151320,170,212,247,226,225,218,172,210,-45.3125,-46.75,-49.0625,-47.6875,-48.875,-45.375,-48.9375,-47.375,8.1875,10.0625,3.625,11.0625,8.375,8.5,9.5625,11.4375,31.125,32.375,30.375,31.8125,30.25,31.1875,30.9375,38.3125,17.875,16.0625,11.9375,15.5,12.5,10.375,13.3125,10.25,45,46,49,45,47,48,47,46,170,212,247,226,225,218,172,210,0.879883,0.939941,0.890137,0.850098,0.793457,0.840088,0.810059,0.909912,0.719971,0.659912,0.649902,0.709961,0.706543,0.669922,0.72998,0.669922,-13.25,-17.4375,-34.8125,-14.4375,-3.125,-14.625,-30.6875,-26.125,-26.391449,-31.230793,-41.769974,-27.216995,-89.474915,-35.094345,-37.549263,-32.660583,21.858952,19.12867,26.874819,16.493216,16.780678,22.773569,29.661015,24.036022,45.028435,46.802677,38.52132,47.288551,32.645111,39.64365,42.344414,40.488701,30.354902,30.551422,28.612495,30.673847,40.528183,28.284466,21.828207,24.546444,2.757712,3.51723,5.991372,5.544388,10.046031,9.298313,6.166361,10.928838,41.946037,37.588097,17.715618,41.823898,57.819904,40.163265,21.87266,24.799417,37.5,3.277344,737,5.183594,210
3152900,182,210,237,204,229,204,141,213,-44.8125,-46.75,-46.5625,-46.375,-47.5625,-46.25,-50.8125,-46.6875,6.625,9.3125,3.5,10.8125,7.75,9.6875,15.6875,11.625,30.0625,32.375,28.5625,32.3125,29.25,29.1875,32,38.8125,15.125,17.25,10,17,12.375,9,15.125,11.6875,46,45,48,45,46,47,46,46,182,210,237,204,229,204,141,213,0.839844,0.869873,0.899902,0.829834,0.809814,0.829834,0.819824,0.899902,0.740234,0.750244,0.650146,0.730225,0.710205,0.700195,0.720215,0.680176,-12.25,-16.75,-33.25,-12.5625,-1,-16.375,-25.3125,-25.875,-41.70623,-33.201683,-39.02927,-25.777719,-33.549995,-33.401443,-35.022713,-31.647654,22.41423,21.59013,28.228888,18.099218,17.499058,20.910662,18.616617,22.67293,40.400009,45.912777,37.795597,47.672592,33.785446,42.527203,46.138348,42.459995,32.379349,28.962999,28.623348,28.4069,40.577343,27.813076,26.909525,24.771681,4.806412,3.534094,5.352165,5.821289,8.138155,8.749063,8.335517,10.095392,43.344425,37.914692,17.713366,42.970612,60.618389,38.704456,30.334572,24.342104,37.5,3.296875,738,5.210938,202
3154500,233,200,240,207,235,227,193,219,-46.125,-45.8125,-48.0625,-46.375,-48,-47.3125,-53.9375,-47.375,6.5,10,2.75,10.5,7.8125,8.9375,13.25,10.9375,31.9375,29.375,30.375,31.5625,28.9375,30.1875,32.5,38.3125,15.1875,14.1875,12.5,16.3125,11.4375,9.25,14.8125,9.6875,47,45,50,45,47,49,48,47,233,200,240,207,235,227,193,219,0.879883,0.880127,0.900146,0.810059,0.810059,0.860352,0.830078,0.910156,0.730225,0.73999,0.659912,0.73999,0.709961,0.679688,0.73999,0.689941,-11.75,-15.0625,-34.5625,-13.6875,-8.9375,-14.125,-33.375,-25.625,-27.197285,-29.837271,-41.141289,-27.227222,-24.016798,-35.333336,-38.663177,-32.721748,19.69614,20.090366,28.657532,18.218021,16.882553,20.34687,23.065924,23.271391,42.741951,46.428093,38.008175,47.988781,34.101963,39.60355,48.062122,40.405724,33.442005,29.575878,28.140142,28.977793,40.028465,29.032677,22.218006,25.38772,4.119902,3.905666,5.194149,4.815408,8.987018,11.016902,6.65395,10.935168,44.035229,39.838058,17.298578,41.940655,50.771732,42.822582,23.449751,25.382933,37.5,3.449219,739,5.519531,219
3156080,187,235,235,215,269,230,164,212,-44.25,-50.4375,-47,-45.3125,-50.25,-46.875,-48.4375,-46.4375,8.25,11.8125,3.4375,10.375,5.125,8.625,8.875,11.5,31.375,31.125,30.125,31.5625,28.375,31.1875,33.25,38.5625,16.25,15.875,12.125,15.1875,13.375,10.4375,16.75,11.375,45,46,49,45,48,48,47,46,187,235,235,215,269,230,164,212,0.869873,0.819824,0.813477,0.810059,0.829834,0.840088,0.799805,0.894775,0.72998,0.780029,0.706543,0.719971,0.700195,0.679932,0.76001,0.669922,-9.9375,-17.4375,-32.75,-12.0625,-12.4375,-14.875,-30.4375,-24.8125,-24.935461,-31.00173,-39.500977,-25.625265,-39.3395,-35.537155,-37.854187,-31.416752,20.152025,17.2873,29.905146,17.721382,19.810007,21.048685,30.601471,23.667141,41.615677,48.264301,36.071198,46.848209,37.186413,40.5159,41.462959,42.00668,34.646294,29.962847,28.784594,30.222658,37.237652,28.586123,21.768246,24.887491,3.586001,4.485551,5.239061,5.207748,5.765931,9.849293,6.167321,9.43869,45.371902,40.45977,18.357489,43.252033,48.092209,40.992794,22.035194,25.441175,37.5,3.507813,740,5.546875,218
3157660,188,224,232,228,225,235,172,199,-44.8125,-47.9375,-45.75,-47.125,-47.5625,-45.125,-48.1875,-45.5,6.8125,10.375,3.625,12,7.75,7.8125,7.1875,11.9375,31.625,29.875,30.125,32.3125,28.375,31.625,30.6875,38.5625,17.375,14.0625,11.9375,15.75,12.4375,10.3125,13.0625,10.9375,46,45,48,46,46,48,47,46,188,224,232,228,225,235,172,199,0.869873,0.850098,0.849854,0.800049,0.790039,0.819824,0.819824,0.889893,0.745361,0.765137,0.745361,0.755127,0.745117,0.695313,0.745361,0.695313,-10.1875,-16.0625,-32.5,-9.625,-11.625,-12.0625,-32.375,-22.9375,-27.209061,-32.028408,-38.747925,-24.659821,-28.671741,-34.615967,-38.566502,-30.444359,22.469824,19.074989,29.424795,16.179817,17.959009,22.56282,33.733864,22.576832,41.803856,47.081505,35.268551,44.412254,36.344021,40.331696,38.911114,41.443493,32.726212,29.330814,29.710964,34.36919,38.430744,28.14772,21.358931,26.126184,3.000112,4.512693,5.595693,5.038739,7.266221,8.957766,5.996088,9.853488,45.298447,40.189125,17.462933,47.206924,47.3251,43.078175,19.476521,26.840147,37.5,3.617188,741,5.714844,212
3159220,187,222,242,203,243,225,164,204,-45.3125,-46.5,-46.8125,-45.5625,-48,-44.9375,-48.9375,-46.4375,5.6875,11.3125,3.125,11.625,6.5625,8.0625,9.1875,12.25,29.8125,32.625,29.125,32.0625,28.125,32.875,31.5,38.5625,14.5625,16.75,10.875,15.875,11.625,11.5,14.875,11.875,46,44,49,44,47,48,46,45,187,222,242,203,243,225,164,204,0.850098,0.939941,0.879639,0.800049,0.800049,0.820068,0.810059,0.899902,0.72998,0.650146,0.630371,0.72998,0.709961,0.669922,0.76001,0.650146,-11.5625,-15.5625,-33.25,-11.5625,-3.5625,-12.3125,-30.4375,-24.25,-36.949074,-28.237499,-39.719303,-24.321791,-37.242348,-34.517307,-37.474106,-31.16625,23.558512,16.488407,28.66774,17.349548,18.922253,23.116013,30.821339,22.094059,40.313824,48.004341,36.090641,46.380852,34.520695,40.797569,40.736336,41.211349,30.905918,32.032757,28.438721,30.549059,38.529587,27.882654,20.286217,26.335297,5.221754,3.474491,6.802899,5.72054,8.027463,8.203771,8.156105,10.359296,44.776119,39.812645,17.514124,43.80032,58.374386,41.927711,22.999222,26.026392,38,3.480469,742,5.433594,211
3160820,224,217,233,234,224,217,159,202,-45.0625,-46.5,-45.75,-47.6875,-46.5,-46,-48.4375,-46.6875,7,9.1875,2.9375,11.5625,8.0625,8.1875,9.5625,13,31.625,30.125,29.375,30.875,25.1875,27.8125,33,38.3125,14.25,15.375,11.375,12.8125,9.125,6.9375,16.125,12.375,47,46,50,46,48,49,48,47,224,217,233,234,224,217,159,202,0.839844,0.830078,0.880127,0.810059,0.919922,0.840088,0.800049,0.910156,0.77002,0.77002,0.659912,0.73999,0.600098,0.699951,0.76001,0.689941,-8.4375,-18.625,-32.25,-15.125,-4.75,-13.625,-32.625,-24.375,-23.979244,-30.304493,-39.384129,-27.868883,-19.951786,-35.201118,-37.91354,-30.19101,19.331566,20.386578,28.671953,15.773758,16.389217,21.806042,27.904314,22.287441,40.376152,47.638824,36.9795,46.721649,33.061977,39.895542,39.42659,42.690105,35.780602,28.668419,28.044117,30.935516,42.675823,27.933493,25.592407,26.061913,4.511682,3.306183,6.304432,6.569074,7.872981,10.364923,7.07669,8.960541,47.758762,35.909824,18.062397,41.447891,56.147541,42.216789,19.416731,26.249998,37.5,3.519531,743,5.632813,213
3162360,226,209,232,225,211,217,157,212,-46.375,-46.0625,-45.375,-46.875,-47.8125,-45.5625,-50.125,-47.125,4.875,9.875,3,10.6875,8.75,8.5625,14,11.6875,31.9375,32.375,30.625,27.375,28.125,29.4375,33.25,38.0625,15.9375,17.9375,12.8125,10,13.125,9.3125,16.625,11.3125,47,45,49,45,47,47,46,46,226,209,232,225,211,217,157,212,0.879883,0.849854,0.809814,0.799805,0.790039,0.840088,0.800049,0.879883,0.699951,0.72998,0.699951,0.709961,0.709961,0.659912,0.699951,0.659912,-13.25,-16.75,-32.75,-12.3125,-4.25,-14.375,-29.3125,-25.875,-36.383038,-30.867567,-38.892654,-26.551739,-20.891459,-34.320168,-34.897461,-32.446426,24.058182,21.058447,29.791502,16.920982,16.943089,21.542696,21.369638,23.351282,42.922203,47.298122,38.426407,46.577518,33.137169,40.536564,45.439522,41.067745,28.966585,28.563368,27.583876,30.769974,42.95945,27.794659,23.777016,25.87896,4.053032,3.080062,4.19821,5.731524,6.960286,10.126083,9.413826,9.702012,42.298485,37.370518,16.611843,44.063744,57.366257,40.901642,24.962519,24.944975,38.5,3.398438,744,5.238281,211
3163920,227,182,230,221,224,233,150,199,-45.875,-43.3125,-45.375,-46.625,-46.6875,-45.8125,-47.6875,-46.4375,7.9375,10.1875,4.8125,13.375,8.3125,8.0625,10.0625,11.9375,32.1875,31.875,30.375,30.625,29.5,29.4375,33.5,38.0625,16.125,17.375,11.8125,13.25,14.9375,8.5,15.1875,10,45,44,48,44,46,47,46,46,227,182,230,221,224,233,150,199,0.910156,0.830078,0.909912,0.800049,0.829834,0.819824,0.780029,0.899902,0.689941,0.75,0.660156,0.72998,0.670166,0.700195,0.77002,0.680176,-10.375,-15.0625,-30.75,-14.1875,-5.6875,-13.625,-31.375,-26.375,-29.621731,-30.025257,-36.879929,-26.064144,-21.943882,-35.534241,-36.997414,-31.615623,19.943512,21.099543,28.673952,14.875105,17.526602,21.230743,28.546059,23.545624,42.928043,46.686996,36.995144,46.674965,36.532787,37.336708,40.315887,39.288223,33.637028,29.099518,28.347115,31.707754,41.157017,30.245771,23.651821,25.78376,3.491425,3.113943,5.983791,6.742173,4.783596,11.186773,7.486232,11.382396,45.476379,37.572735,19.306931,41.990292,53.814602,42.491749,20.092379,23.742603,38,3.515625,745,5.488281,208
3165560,232,230,300,235,258,228,269,269,-50.625,-49.375,-51.9375,-49.875,-51.125,-48.0625,-51.3125,-50.0625,8.1875,9.6875,2.3125,9.5625,6.3125,8.5625,8.6875,11.6875,31.625,32.375,29.375,31.8125,28.9375,26.9375,34.5,39.0625,13.25,15.75,7.3125,16.0625,13.375,6.125,13.5,9.25,47,47,51,48,48,50,48,48,232,230,300,235,258,228,269,269,0.879883,0.959961,0.860107,0.849854,0.840088,0.860107,0.790039,0.920166,0.76001,0.699951,0.719971,0.750244,0.75,0.709961,0.780029,0.699951,-13.25,-18.875,-38.5,-15.8125,-14.3125,-16.125,-33.125,-26.625,-31.525002,-31.237127,-45.420425,-28.094803,-29.116072,-36.133858,-39.603821,-34.132023,17.918428,17.74839,24.906713,17.232569,17.167849,21.516441,25.561316,20.129038,38.983166,47.280682,35.517841,47.085941,38.545952,41.761131,40.886269,42.639797,35.860687,30.591503,31.47349,30.309999,38.010948,27.700815,26.085749,26.926168,7.237718,4.379423,8.101958,5.371492,6.275254,9.021607,7.466669,10.304997,45.268734,37.925812,16.032812,41.698544,45.979702,40.299683,21.194464,26.297335,36.5,3.519531,746,5.773438,252
3167200,196,213,264,212,242,230,200,219,-46.625,-49.375,-49.6875,-47.9375,-50.0625,-47.5625,-51.0625,-48.5625,13.8125,12.5625,2.375,12.5625,7.9375,8.875,10.8125,12.3125,31.625,31.875,29.375,32.3125,29.25,29.1875,34,38.5625,14.75,16.3125,9.375,16.375,11.6875,8.3125,14.625,11.3125,43,45,51,45,49,50,48,49,196,213,264,212,242,230,200,219,0.870361,0.919922,0.823242,0.820068,0.819824,0.839844,0.790039,0.909912,0.789795,0.73999,0.766602,0.779785,0.73999,0.72998,0.809814,0.709961,-9.0625,-17.4375,-36.9375,-14.875,-5.6875,-13.125,-29.3125,-26.875,-23.522978,-30.42197,-43.297241,-26.429707,-23.647837,-35.038799,-37.981472,-32.550243,17.04134,16.187792,27.431995,15.76,16.446968,20.36458,23.580349,21.931553,40.081821,47.727665,35.96064,47.562054,32.214245,40.882854,42.758335,41.987141,37.438423,31.582436,30.083824,30.574018,40.886398,29.48502,22.188446,26.070642,5.438414,4.502109,6.523547,6.103927,10.452388,9.267544,11.472872,10.010666,48.003193,39.307693,15.826222,41.199379,55.94957,43.488556,25.569433,24.892395,36.5,3.636719,747,5.964844,222
3168780,171,213,261,222,219,230,174,216,-45.625,-47.4375,-47.625,-48.1875,-48.25,-48.0625,-52.6875,-48.5625,14.875,9.9375,2.0625,11.75,10.4375,9.4375,14.5625,11.6875,31.625,32.125,30.375,32.3125,30.25,32.125,34,38.8125,16.1875,16,10.8125,14.4375,12,10.4375,15.5625,11.9375,41,45,50,44,46,48,46,47,171,213,261,222,219,230,174,216,0.899902,0.860107,0.860107,0.820068,0.820068,0.800049,0.820068,0.920166,0.76001,0.780029,0.719971,0.77002,0.73999,0.76001,0.76001,0.699951,-11.3125,-19.0625,-33.5,-14.625,0.25,-15.625,-27.8125,-26.125,-25.566965,-31.385065,-40.775398,-27.446541,-20.041166,-36.190331,-36.842026,-33.270832,18.732925,19.972176,28.377131,16.00494,14.953019,20.333443,16.659958,22.808851,41.744041,46.489815,37.718189,46.995483,32.848339,39.918987,43.757854,41.275017,34.918549,29.322088,27.759228,30.814287,44.034595,29.222086,28.146994,26.01586,4.60448,4.215921,6.145459,6.185289,8.164054,10.525479,11.435201,9.900274,44.417477,35.663788,17.960783,41.692547,61.343872,40.452065,28.695026,25.679544,37.5,3.457031,748,5.464844,213
3170420,201,196,268,216,225,211,201,219,-48.1875,-48.375,-49.6875,-47.6875,-50.5,-47.125,-51.5,-48.0625,7.9375,11.875,1.8125,12.25,9.0625,8.25,12.5625,12.5625,32.4375,30.125,30.375,31.8125,28.9375,29.1875,33.25,38.5625,17.8125,14.5,10.5,16.0625,12.25,8.875,14.5625,10.4375,46,47,51,46,48,50,49,48,201,196,268,216,225,211,201,219,0.899902,0.939941,0.849854,0.829834,0.799805,0.829834,0.799805,0.909912,0.76001,0.699951,0.719971,0.73999,0.76001,0.709961,0.76001,0.689941,-14.875,-16.75,-36.125,-13.5,-10.3125,-15.125,-30.4375,-24.125,-29.943928,-31.043056,-43.355644,-26.709444,-26.73875,-36.234756,-36.245392,-31.585833,21.232561,17.956221,28.134531,15.677692,16.519136,22.026381,20.521481,20.466228,46.612984,46.751709,36.673752,47.723545,34.764378,39.752872,46.587681,43.402458,28.257343,31.066233,28.682533,31.34799,40.057819,28.278633,24.758945,25.785252,3.897117,4.225841,6.509181,5.250769,8.658665,9.942115,8.131892,10.346065,41.317829,39.164085,16.730919,43.003143,50.590088,40.861931,24.852507,27.633476,36.5,3.738281,749,6.132813,217
3172000,170,201,258,214,217,215,183,204,-47.1875,-45.3125,-47.25,-47.6875,-48.25,-46.4375,-49.625,-47.5625,11.6875,10.5625,2,11.4375,9.1875,8.75,10.0625,12.4375,30.875,32.875,30.875,29.9375,30,32.125,32.75,38.5625,17.125,17.9375,11.375,12.9375,12.5625,11.9375,14.25,10.9375,43,45,50,46,47,49,48,46,170,201,258,214,217,215,183,204,0.870117,0.870117,0.800049,0.830078,0.840088,0.840088,0.790039,0.890137,0.76001,0.75,0.75,0.73999,0.719971,0.699951,0.77002,0.699951,-13.8125,-15.0625,-34.0625,-13.25,-1.5,-14.375,-30.6875,-25.3125,-29.27932,-28.876923,-40.457962,-26.472191,-25.350893,-35.43222,-37.108379,-32.210224,20.1964,19.560652,29.269281,16.651348,16.470955,22.279743,26.434595,21.794697,44.031982,48.449974,37.011124,46.657009,34.569107,40.706654,41.566486,41.235386,31.563318,29.761829,27.802212,31.061357,41.200157,28.309362,23.163197,26.411333,4.208302,2.227544,5.917378,5.63029,7.759772,8.704236,8.835716,10.55858,42.754204,38.689049,16.879999,43.18182,59.744411,40.811455,22.989378,25.834543,37.5,3.441406,750,5.4375,207
3173600,179,221,269,226,206,221,192,228,-47.1875,-47.9375,-49.3125,-46.875,-48.25,-46.4375,-50.125,-48.5625,12.375,10,2,10.5625,8.8125,9,9.875,11.8125,32.1875,30.375,30.875,31.3125,29.25,30.9375,30.9375,38.8125,18,14.9375,10.1875,14.3125,12.375,9.1875,14,9.4375,43,46,50,46,48,50,49,48,179,221,269,226,206,221,192,228,0.889893,0.889893,0.810059,0.830078,0.799805,0.840088,0.819824,0.919922,0.76001,0.76001,0.76001,0.75,0.730225,0.709961,0.77002,0.689941,-15.4375,-17.4375,-35.625,-14.1875,-6.125,-14.125,-30.6875,-27.4375,-28.413898,-31.578859,-42.642159,-25.978807,-24.304544,-35.021709,-37.196255,-32.972157,18.46344,19.336601,28.184944,16.780169,16.691893,20.709337,26.906124,21.691704,45.584824,46.691086,37.167297,46.282928,34.057922,39.013657,44.904091,41.155117,31.592556,29.793262,27.980038,31.028891,39.943127,29.421648,23.162498,25.684893,4.359178,4.179049,6.667726,5.908012,9.307058,10.855357,5.027287,11.468284,40,37.976654,16.911198,41.806557,54.354839,41.760902,23.243649,24.177397,37.5,3.339844,751,5.347656,217
3175180,190,212,263,206,213,217,188,212,-45.625,-45.8125,-46.5625,-47.6875,-48.6875,-45.125,-49.875,-47.375,10.0625,9.8125,2.1875,11.0625,9.125,8.25,11.5625,11.75,31.625,30.875,30.375,27.125,29.75,31.625,33.75,38.5625,15.6875,14.6875,10.3125,10.25,12,10.9375,14.875,10.25,44,45,49,45,47,48,47,46,190,212,263,206,213,217,188,212,0.850098,0.870117,0.839844,0.820068,0.819824,0.829834,0.810059,0.899902,0.75,0.75,0.700195,0.75,0.700195,0.710205,0.77002,0.690186,-11.5625,-14.8125,-32.75,-13.6875,0.25,-13.625,-30.6875,-25.625,-25.761494,-30.26544,-40.097523,-27.263691,-20.998663,-34.579147,-36.135796,-32.775078,19.197235,20.109171,28.483421,16.729015,16.18313,22.025383,22.835728,22.735439,42.541321,46.984196,36.302521,46.009956,31.657425,40.108143,44.206135,40.963535,33.361931,29.509193,28.356405,30.823807,42.740074,29.114305,25.486071,25.447359,4.899514,3.39744,6.857655,6.437227,9.419371,8.75217,7.472072,10.853662,43.916195,39.396347,17.836966,43.140366,62.390442,41.042347,22.944693,25.309092,37.5,3.472656,752,5.492188,212
3176780,176,227,279,213,232,215,203,216,-47.4375,-47.6875,-49.6875,-47.125,-48.875,-47.125,-49.4375,-47.375,10.3125,10.25,1.6875,11.375,7.4375,8.0625,8.125,12.0625,30.5625,33.6875,28.5625,31.5625,29.75,27.625,32.75,39.0625,16.1875,16.9375,8.75,15.8125,11.8125,6.9375,14.4375,11.4375,44,46,50,45,47,49,47,46,176,227,279,213,232,215,203,216,0.899902,0.860107,0.825928,0.820068,0.830078,0.830078,0.812012,0.910156,0.75,0.77002,0.734131,0.75,0.719971,0.709961,0.738037,0.699951,-15.4375,-14.8125,-36.375,-13.25,-6.125,-13.375,-32.0625,-24.125,-30.002977,-32.418419,-42.983452,-27.355953,-29.569853,-36.43623,-38.654648,-31.540375,19.994207,19.784624,27.489208,17.236097,17.724707,22.686022,27.130104,21.706793,42.847599,46.157791,36.442711,47.05629,35.197895,40.361111,40.305527,41.981113,32.454552,29.923231,29.772476,30.155914,38.825542,28.064751,20.906479,26.101225,4.703639,4.134355,6.295613,5.551697,8.251853,8.888113,11.657897,10.21087,41.025642,40.399384,16.422514,43.050037,54.372017,42.857143,21.140684,26.898046,37.5,3.570313,753,5.714844,220
3178380,183,224,272,207,244,207,182,206,-46.875,-48.875,-48.625,-47.375,-49.125,-45.5625,-49.875,-47.125,6.5625,10.5,2.125,11.3125,7.1875,8.625,8.375,13.3125,30.875,32.375,31.125,32.0625,29.5,32.125,33,38.8125,16.375,15.625,11.9375,17,12.5625,12.125,16.6875,11.8125,47,45,50,46,47,49,48,46,183,224,272,207,244,207,182,206,0.859863,0.869873,0.866699,0.829834,0.809814,0.820068,0.799805,0.899902,0.73999,0.76001,0.693115,0.72998,0.719971,0.689941,0.75,0.679932,-13.25,-17,-35.3125,-13,-10.875,-11.8125,-32.375,-23.875,-36.109913,-31.388729,-41.629669,-26.098095,-32.301193,-35.12389,-38.345375,-30.840778,23.655626,18.364386,27.942732,17.247829,17.906603,22.609537,31.63895,20.777845,43.144234,46.858078,37.285908,47.377934,36.650406,40.503471,43.995522,42.15551,28.499249,30.502241,28.986216,30.48996,38.41304,29.169628,18.975534,26.854769,4.700893,4.275294,5.785141,4.88428,7.02995,7.71736,5.389993,10.211875,43.247589,39.23077,16.692791,43.273014,48.648651,43.443283,21.116138,27.054544,37.5,3.554688,754,5.6875,215
3179980,171,236,266,196,226,219,171,221,-47.4375,-48.1875,-48.25,-46.875,-48.25,-45.125,-47.6875,-48.0625,9.3125,10.3125,1.9375,11.9375,8.375,8.6875,8.375,12,30.875,32.125,30.875,31.8125,30.25,32.375,33.25,38.8125,18.0625,15.1875,11.375,17.25,13.1875,11.875,15.25,11.0625,45,47,51,46,48,50,49,49,171,236,266,196,226,219,171,221,0.889893,0.920166,0.810059,0.830078,0.790039,0.819824,0.790039,0.909912,0.770264,0.719971,0.73999,0.73999,0.75,0.700195,0.780029,0.690186,-18.0625,-17.1875,-34.8125,-12.75,-6.09375,-13.125,-31.375,-26.125,-32.861458,-31.084629,-41.587914,-26.071749,-34.868,-34.061565,-37.112473,-32.630684,22.166845,18.651867,28.62598,17.177681,17.94714,21.748249,30.680922,21.340237,44.756359,47.469177,35.642174,47.424038,34.903351,40.343754,38.892204,42.045765,28.548687,29.336432,29.422756,30.729776,38.496338,29.176647,23.85116,26.704338,4.528105,4.542522,6.309092,4.668505,8.653174,8.731354,6.575716,9.909658,37.509975,38.599224,16.982622,43.367752,53.702229,41.290321,20.15444,25.251801,37.5,3.480469,755,5.574219,213
3181560,190,220,258,208,231,228,189,215,-45.0625,-47,-47.625,-46.625,-48.25,-45.375,-49.1875,-46.9375,7.25,9.9375,1.6875,12.0625,7.8125,9.0625,8.875,11.25,31.375,32.125,29.375,31.8125,28.375,32.125,31.1875,38.8125,16.8125,16.1875,10.625,16.75,11.3125,11.25,13.75,11.25,46,45,50,44,47,48,48,47,190,220,258,208,231,228,189,215,0.830078,0.859619,0.81665,0.810059,0.810059,0.820068,0.790039,0.890137,0.73999,0.740234,0.733398,0.75,0.709961,0.679932,0.75,0.689941,-13.25,-15.5625,-35.625,-13.6875,-9.375,-12.3125,-31.5625,-24.625,-28.674999,-30.525,-42.009903,-26.663435,-25.46875,-33.48336,-37.573437,-32.05304,21.772976,19.786917,27.976204,16.537327,16.622536,21.468391,28.397232,23.915571,43.111954,46.242447,36.903496,48.027508,34.119911,42.142895,41.29837,41.416389,31.308868,29.814859,29.400932,30.268208,40.008846,28.389948,21.722998,25.044493,3.8062,4.155775,5.719369,5.16696,9.248708,7.998763,8.581398,9.623548,41.483292,39.731438,15.384616,41.992031,50.734097,42.661293,21.576128,26.020409,37.5,3.617188,756,5.714844,217
3183120,207,222,261,201,210,245,155,218,-45.3125,-46.0625,-47.25,-46.375,-48.6875,-45.5625,-50.8125,-46.9375,7.125,9.8125,2.0625,11.625,8.1875,7.1875,15.0625,11.125,31.9375,31.875,30.875,31.3125,29.5,30.9375,29.875,38.0625,17.0625,15.6875,11.4375,16.0625,12.5625,9.125,13.25,10.9375,45,45,49,44,46,48,45,46,207,222,261,201,210,245,155,218,0.869873,0.849854,0.889893,0.799805,0.819824,0.853271,0.789795,0.899902,0.72998,0.75,0.649902,0.75,0.709961,0.666504,0.73999,0.679932,-11.0625,-15.5625,-35.0625,-13.5,-4.9375,-28.3125,-28.5625,-24.625,-28.903929,-29.726749,-41.290997,-25.420834,-26.292189,-35.207653,-34.40424,-32.477596,21.291359,19.486584,28.735668,17.131594,18.010075,22.603662,19.761177,22.95916,42.153885,46.67569,37.762432,47.165245,34.24015,38.710155,49.082329,41.168438,33.286224,29.471943,27.198666,30.023273,40.252079,28.613619,25.996908,25.575796,3.268537,4.365782,6.303231,5.679888,7.497702,10.072564,5.159592,10.296608,44.336571,39.133923,15.6,42.316975,55.955238,22.549019,26.234341,26.249998,38,3.375,757,5.265625,214
3184700,184,208,230,212,236,265,177,209,-45.625,-46.75,-44.9375,-47.375,-48.4375,-46.875,-47.9375,-46.9375,8.5,11.5625,3.875,9.8125,8.125,7.6875,8.125,12.1875,31.625,31.875,30.625,30.625,30.8125,31.625,33.75,38.0625,16.4375,17.375,12.25,15.8125,12.5625,8.8125,16,10.75,44,44,48,45,46,48,47,46,184,208,230,212,236,265,177,209,0.860107,0.859863,0.839844,0.830078,0.820068,0.820068,0.780029,0.909912,0.76001,0.740234,0.660156,0.72998,0.699951,0.689941,0.76001,0.670166,-12.5,-14.5625,-30.0625,-16,-9.125,-14.625,-31.5625,-24.375,-27.801361,-30.512272,-36.826107,-28.287502,-25.788773,-35.337051,-37.357609,-31.623749,20.72736,18.035995,28.996754,18.372189,16.473499,20.942827,31.809368,20.803345,42.644566,47.874672,37.168945,46.541443,36.283691,40.544552,39.178173,41.591938,32.314289,30.731094,26.765421,29.411463,39.755928,28.70574,23.315557,27.103407,4.313788,3.358236,7.068879,5.674906,7.486881,9.806879,5.696902,10.501307,42.880257,40.937996,20.01634,40.224358,49.605679,41.082802,20.045906,26.544117,37.5,3.507813,758,5.546875,215
3186300,210,226,252,196,248,223,183,197,-45.3125,-47.6875,-49.5,-46.375,-49.375,-46.4375,-50.8125,-46.1875,7.4375,9.75,2.6875,11.5625,7.375,9.125,10.375,12.3125,32.1875,30.625,29.625,30.875,29.75,30.9375,32.25,38.3125,15.5,15.8125,11.6875,17.4375,12.0625,10.4375,15.9375,11,46,45,51,45,48,49,48,46,210,226,252,196,248,223,183,197,0.840088,0.859863,0.880127,0.810059,0.870117,0.830078,0.800049,0.900146,0.73999,0.75,0.659912,0.73999,0.659912,0.689941,0.76001,0.679932,-10.8125,-18.625,-36.6875,-14.3125,-8,-15.625,-31.5625,-24.375,-27.639999,-32.420147,-42.711494,-26.94408,-23.869015,-34.703789,-37.734638,-31.478962,19.956659,20.089981,28.602737,17.864397,16.133436,21.165838,26.558876,22.595047,41.707596,47.579998,37.863365,49.038975,34.488205,40.92337,44.513069,40.82901,32.965828,29.371531,28.119356,28.580553,41.13969,28.542051,21.189182,25.694149,5.369918,2.958494,5.414535,4.51608,8.238668,9.368742,7.738873,10.881796,44.516129,36.643024,16.040689,41.504852,52.440948,39.822296,23.17532,25.81361,37.5,3.378906,759,5.40625,216
3187900,195,208,239,210,258,234,182,212,-45.3125,-48.375,-47.25,-46.625,-48,-47.5625,-49.4375,-47.125,10.5,10.4375,2.8125,10.8125,7.375,8.4375,6.9375,11.6875,31.375,32.125,31.125,31.8125,30,30.9375,32.25,38.0625,16.3125,18.1875,13.0625,16.375,12.875,10.25,35.4375,10.8125,45,46,50,47,48,50,49,48,195,208,239,210,258,234,182,212,0.829834,0.889893,0.819824,0.834717,0.799805,0.850098,0.959961,0.909912,0.72998,0.75,0.719971,0.715088,0.72998,0.669922,0.619873,0.679932,-12,-18.625,-34.5625,-15.5625,-6.8125,-15.375,-33.375,-25.625,-26.736694,-31.619267,-40.57753,-27.211113,-26.541935,-35.792343,-39.297501,-31.96875,18.521671,19.448072,29.778961,18.043324,17.392561,20.695028,34.773956,22.566284,42.625656,47.344398,38.440681,47.22303,36.778103,40.770416,41.94788,41.460304,34.302052,29.815626,27.364428,29.729895,39.893021,28.374525,16.976379,25.946674,4.550622,3.3919,4.415933,5.003754,5.936311,10.160028,6.301783,10.026736,43.29813,36.95652,16.188198,39.601593,52.804489,41.003185,19.847328,25.238445,37.5,3.414063,760,5.464844,217
3189520,210,216,276,242,231,223,190,249,-46.125,-47.9375,-50.9375,-49.3125,-50.25,-48.0625,-50.5625,-49.8125,10.0625,10,2.125,10.375,8.5,9.125,9.1875,11.375,32.4375,31.125,31.625,32.8125,29.75,31.1875,32.75,39.0625,15.3125,16,11.125,15.1875,11.0625,10.375,15.0625,10.8125,46,47,51,47,48,50,49,49,210,216,276,242,231,223,190,249,0.879883,0.870117,0.860107,0.849854,0.830078,0.860352,0.800049,0.930176,0.750244,0.76001,0.72998,0.750244,0.72998,0.709717,0.780029,0.699951,-10.375,-17.9375,-39.25,-14.4375,-11.9375,-15.875,-32.0625,-28.0625,-26.13731,-32.380886,-44.770702,-28.198681,-25.652517,-34.869263,-38.496952,-34.021503,17.517841,20.23243,26.299212,16.490273,15.281219,19.981699,29.214113,22.421822,41.491913,47.465405,38.031292,47.258034,34.133797,42.230381,43.40556,43.093231,36.493561,29.609276,28.585581,31.186094,40.812019,28.517897,20.688263,25.228008,4.496684,2.692892,7.08392,5.065602,9.772967,9.270026,6.692063,9.256941,45.505173,37.354084,14.155942,42.465752,47.890625,40.615143,22.205551,24.472574,37,3.527344,761,5.714844,229
3191160,181,223,261,216,235,225,223,200,-47.6875,-51.25,-50.125,-48.1875,-50.25,-47.5625,-52.25,-47.5625,10,11.6875,2.4375,10.6875,7.5,9.3125,6.5625,12.25,31.9375,32.625,29.625,32.5625,29.5,32.625,32.5,39.3125,17.625,16.25,10.375,15.9375,11.5625,12,15.75,11.125,46,46,51,47,49,51,52,49,181,223,261,216,235,225,223,200,0.929932,0.939941,0.839844,0.849854,0.809814,0.849854,0.939941,0.919922,0.75,0.73999,0.73999,0.76001,0.76001,0.709961,0.639893,0.719971,-12.5,-19.0625,-15.4375,-15.8125,-6.8125,-14.625,-33.125,-25.0625,-27.664703,-32.259998,-43.51313,-27.510834,-26.704166,-35.305328,-41.08762,-32.36483,19.894413,16.993097,25.916451,17.34417,16.020071,21.327681,32.436134,21.989388,43.199287,47.787056,38.011776,47.297775,34.724953,41.834785,43.18103,41.818611,32.930962,30.73844,29.060328,30.264973,40.365486,28.587904,18.252354,25.714441,3.975339,4.481407,7.011448,5.093081,8.88949,8.249631,6.130488,10.477559,44.191521,38.375561,42.431194,40.09288,54.467083,41.075603,22.830051,25.899279,36.5,3.484375,762,5.714844,220
3192760,182,215,249,235,221,206,182,200,-46.625,-47,-47.4375,-47.9375,-49.625,-46.875,-53.1875,-47.375,10.8125,10.25,2.875,9.1875,9.5,9.4375,12.875,12.25,32.1875,29.875,30.375,32.0625,30.25,31.1875,30.4375,39.3125,16.5625,14.125,11.125,15,11.3125,10.875,13.0625,11.375,44,46,50,47,47,48,48,46,182,215,249,235,221,206,182,200,0.900146,0.890137,0.813477,0.820068,0.830078,0.870117,0.820068,0.920166,0.73999,0.75,0.726563,0.75,0.709961,0.689941,0.76001,0.699951,-10.8125,-17,-33.5,-13.9375,-1.09375,-16.625,-32.375,-25.625,-28.606251,-30.326355,-40.108936,-28.906326,-21.184849,-35.060398,-37.955261,-31.971294,19.390303,19.623281,28.213287,18.490128,15.068166,21.025068,22.660212,22.38538,42.108734,47.919647,36.18008,46.96682,31.065899,41.433437,45.429291,42.042862,34.083843,29.207718,28.013271,29.269167,42.509148,28.51635,25.115601,25.1696,4.417122,3.249357,7.593369,5.273884,11.356785,9.025148,6.7949,10.402164,45.440125,38.034866,17.628458,42.5,60.758995,38.750999,24.078091,25.090122,37.5,3.464844,763,5.546875,211
3194380,204,221,262,211,235,208,180,195,-45.875,-49.9375,-49.3125,-47.375,-48.875,-46,-50.125,-46.4375,11.25,9.625,3.875,11.375,8.375,9.4375,9.1875,12.4375,31.625,30.875,30.375,32.0625,31.3125,31.625,33.25,38.8125,16.4375,16.3125,11,17.625,12.9375,11,15.9375,10.75,45,47,51,46,48,49,49,46,204,221,262,211,235,208,180,195,0.899902,0.879883,0.860107,0.819824,0.839844,0.870117,0.799805,0.909912,0.73999,0.75,0.679932,0.73999,0.709961,0.659912,0.76001,0.689941,-8,-18.875,-34.8125,-14.625,-6.125,-13.375,-30.9375,-24.8125,-23.047581,-35.156738,-41.071545,-26.911057,-22.875,-34.081253,-38.264675,-31.49378,17.357109,21.02035,26.361006,17.157194,16.227833,21.016922,28.753826,22.850872,40.311859,48.080761,37.614422,48.50985,34.696545,41.491146,43.753429,40.034424,38.680355,27.90033,28.836292,29.569059,41.669178,28.588781,18.344862,25.584326,3.650672,2.998562,7.188277,4.763894,7.406442,8.903146,9.147878,11.530382,48.870968,37.967915,18.026417,41.227379,53.312546,42.028984,23.013493,25.36657,37,3.507813,764,5.6875,214
3195980,177,212,266,207,227,225,170,203,-44.8125,-48.1875,-48.4375,-47.9375,-49.375,-47.125,-50.125,-49.8125,9.9375,10,2.8125,11.375,8.625,8.3125,8.375,15.5625,32.1875,30.625,30.625,31.8125,29.75,31.1875,32.75,38.0625,17.6875,16.0625,11.25,16.5,11.5625,10.5625,16.5625,10.375,46,47,51,47,48,50,49,48,177,212,266,207,227,225,170,203,0.880127,0.880127,0.820313,0.830078,0.810059,0.870117,0.810059,0.820068,0.73999,0.76001,0.739746,0.75,0.72998,0.679932,0.77002,0.73999,-12.75,-18.125,-34.3125,-13.6875,-11.375,-17.125,-30.9375,-26.625,-28.695536,-31.137768,-41.12587,-26.283333,-27.19471,-36.54084,-39.448982,-32.521446,20.86062,19.502052,27.940269,16.722082,15.763068,22.145172,32.300442,17.923338,43.572323,47.427742,37.613209,47.671944,34.5942,40.01088,42.380489,41.525982,33.11264,29.132103,28.406338,30.131546,38.409443,28.673019,19.537163,28.181627,2.454415,3.938103,6.040189,5.474431,11.233286,9.170922,5.781903,12.369052,41.63961,37.78476,17.642467,42.946709,48.025276,38.30806,23.152338,26.312056,37.5,3.394531,765,5.433594,210
3197580,165,208,251,207,210,214,164,226,-45.625,-47.4375,-47.8125,-47.6875,-48.875,-46,-49.1875,-48.5625,13.0625,10.375,2.125,11.375,8.5625,8.8125,11.5,11.1875,30.875,30.625,30.375,32.3125,28.9375,31.4375,32.75,39.0625,15.875,15.875,11.4375,16.25,11.8125,10.1875,15.375,10.75,43,46,50,45,47,48,47,47,165,208,251,207,210,214,164,226,0.869873,0.879883,0.840088,0.839844,0.830078,0.830078,0.800049,0.919922,0.810059,0.800049,0.76001,0.790283,0.76001,0.75,0.800049,0.73999,-13,-17.1875,-34.8125,-14.625,-8.6875,-14.375,-29.0625,-27.75,-26.391745,-30.488527,-41.529499,-27.216995,-26.995121,-34.477791,-36.344162,-33.661865,20.450731,19.369368,27.874008,17.475595,16.778704,21.385719,24.758877,23.386679,42.699299,47.344517,37.300701,47.752495,34.070484,40.133533,40.947716,41.849815,31.848526,29.392391,27.95175,29.386127,39.997211,28.493261,22.649876,24.853533,5.001445,3.893721,6.873538,5.385779,9.153602,9.987486,11.643532,9.909975,42.647057,38.020424,16.573706,41.328125,51.646584,40.839386,24.561403,23.751783,37.5,3.464844,766,5.546875,205
3199180,203,208,265,216,231,208,166,202,-46.875,-47,-48.25,-47.375,-48,-46.25,-49.625,-47.375,6.125,10.125,2.5,10.5625,8.8125,8.9375,9.8125,12.1875,31.125,31.375,29.625,32.3125,30,26.9375,32.5,38.3125,16.0625,16.4375,10.5625,16.125,12.1875,5.6875,15,11.375,47,46,50,46,47,48,48,47,203,208,265,216,231,208,166,202,0.879883,0.860107,0.884766,0.830078,0.819824,0.849854,0.810059,0.879883,0.720215,0.73999,0.655273,0.72998,0.710205,0.690186,0.75,0.690186,-11.75,-16.5,-34.8125,-13.5,-6.5625,-13.125,-32.0625,-25.0625,-32.450935,-30.436029,-41.61306,-27.629034,-22.788061,-34.47282,-37.995975,-32.091995,22.748421,19.477547,28.023764,17.865484,15.881465,20.993206,27.931517,22.680876,43.451324,46.762745,38.19059,47.690193,34.772182,40.699829,41.946541,41.284023,29.864389,30.58474,28.018913,29.092459,41.458492,28.424215,21.918913,25.760263,3.935868,3.17497,5.766729,5.351863,7.887862,9.882748,8.203021,10.274837,45.032051,38.91547,16.929132,42.509804,53.125,42.536118,21.385084,26.039389,37.5,3.429688,767,5.492188,212
3200760,179,207,250,206,217,223,153,215,-46.875,-46.5,-47,-46.875,-49.125,-45.375,-48.1875,-46.6875,8.5625,10.75,2.625,10.625,7.8125,8.8125,10.3125,11.8125,31.9375,32.125,30.375,31.5625,30,32.125,32.5,38.5625,17.625,17.0625,11.3125,15.6875,12.3125,10.625,16.625,10.75,45,45,49,45,46,48,47,47,179,207,250,206,217,223,153,215,0.890137,0.890137,0.810059,0.820068,0.830078,0.830078,0.780029,0.900146,0.76001,0.73999,0.75,0.76001,0.73999,0.709961,0.780029,0.699951,-14.21875,-15.0625,-33,-14.625,2,-12.875,-28.0625,-24.8125,-29.807096,-29.113098,-39.998909,-26.672501,-30.540178,-34.116901,-35.202545,-31.630337,22.266581,19.053637,29.629894,17.783943,17.876472,21.87496,27.671459,22.480883,46.055496,48.255642,35.434196,47.434925,34.140675,40.052841,41.521568,41.265316,27.39617,29.478731,29.167622,29.211229,39.382557,29.082945,24.399891,26.602417,4.281751,3.211992,5.768288,5.569905,8.600298,8.98925,6.407088,9.651383,41.435371,39.9841,17.92,41.115536,64.612953,41.935482,24.941904,25.659824,37.5,3.347656,768,5.292969,206
3202380,175,216,242,227,221,229,184,218,-47.1875,-47.9375,-46.8125,-47.375,-47.5625,-45.5625,-51.0625,-47.5625,8.25,9.9375,2.6875,10.6875,8.5625,8.75,12.75,11,31.625,31.125,31.125,31.3125,24.9375,31.625,33,39.0625,19.0625,16.25,13.3125,14.3125,8.0625,9.8125,14.4375,10.4375,46,46,51,46,48,49,49,48,175,216,242,227,221,229,184,218,0.909912,0.899902,0.949951,0.819824,0.830078,0.800049,0.790039,0.909912,0.73999,0.75,0.639893,0.75,0.709961,0.709961,0.76001,0.699951,-14.3125,-20,-33.5,-14.875,-5.875,-13.625,-28.34375,-27.4375,-30.805147,-31.886065,-39.870926,-28.034266,-21.293533,-33.268421,-36.475857,-32.962044,22.300385,19.602581,28.912357,16.940624,15.926192,20.492825,21.651592,24.229828,44.72858,47.017967,37.399693,46.521416,34.412815,40.985001,45.182091,40.284363,29.142511,29.48414,28.672827,30.469856,42.231075,28.182762,22.6064,25.235971,3.828528,3.895308,5.015123,6.068104,7.429914,10.339412,10.559923,10.249837,41.712925,35.335968,17.280001,41.30262,54.095703,41.376518,26.708302,23.232323,37,3.457031,769,5.601563,214
3203960,162,196,250,224,246,208,177,201,-45.0625,-45.8125,-46.5625,-46.875,-47.8125,-46.4375,-52.6875,-46.1875,13.75,10.4375,2.75,9.6875,8.75,10.5625,15.3125,12.1875,30.3125,30.375,31.625,31.5625,29.5,28.5,33.25,38.8125,16.0625,15.8125,12.0625,15.1875,12.0625,7.3125,16.5,12.125,44,47,51,47,48,49,48,47,162,196,250,224,246,208,177,201,0.880371,0.900146,0.909912,0.820313,0.820068,0.879883,0.800049,0.899902,0.739746,0.699951,0.630127,0.729736,0.699951,0.640137,0.73999,0.680176,-11.5625,-15.5625,-33.25,-13.6875,-5.4375,-14.375,-29.0625,-23.875,-26.223839,-29.611057,-39.72654,-27.355221,-21.237019,-33.798622,-35.555698,-30.746895,20.809694,20.313559,28.471624,18.293934,15.775704,19.919954,16.649933,23.144674,41.685192,48.11636,37.259056,47.928799,33.700798,40.934296,47.484241,41.297714,32.799412,29.642178,28.720266,28.690121,42.294914,29.309177,25.526688,25.918188,4.705709,1.927908,5.54905,5.087145,8.228586,9.836573,10.339136,9.639421,44.444447,38.938053,17.749603,42.310757,54.810024,41.171749,27.490908,26.249998,37.5,3.472656,770,5.492188,208
3205540,194,201,240,229,223,244,178,207,-47.4375,-46.3125,-47.625,-46.875,-48.4375,-46.875,-49.625,-47.5625,8.6875,10.25,1.1875,10.8125,7.75,9.4375,8.6875,11.6875,30.875,32.125,28.5625,32.5625,28.9375,31.625,31.1875,38.3125,16.375,17.5,10.6875,16.25,11.5,10.25,14.3125,11.625,46,45,50,45,48,48,48,48,194,201,240,229,223,244,178,207,0.890137,0.879883,0.850098,0.800049,0.820068,0.830078,0.810059,0.910156,0.729736,0.73999,0.709961,0.73999,0.699951,0.689941,0.75,0.669922,-13.5625,-17.6875,-35.0625,-15.125,-5.53125,-14.875,-29.3125,-25.625,-30.410713,-30.478607,-41.955978,-27.24707,-27.934,-34.142647,-38.661251,-32.836185,20.867123,20.345139,29.982693,17.129065,17.629463,19.741539,28.699902,23.723764,43.973938,47.869751,38.873856,47.709431,33.127125,41.34491,43.363033,39.021038,30.87681,29.4536,26.459494,29.847198,39.443386,29.028046,20.628544,27.091698,4.282131,2.331509,4.683955,5.314311,9.800027,9.885508,7.308522,10.163502,43.256184,36.494022,15.952381,39.968529,55.595814,40.764332,24.80916,25.545851,37.5,3.421875,771,5.40625,214
3207120,189,204,233,214,216,218,193,214,-48.4375,-46.3125,-46.8125,-46.375,-48.25,-45.8125,-50.5625,-46.9375,7.1875,10.1875,1.9375,9.9375,7.9375,9.0625,8.75,11.625,31.9375,31.375,30.125,31.125,26.25,28.75,32.5,37.8125,19.25,15.9375,12.3125,15.625,10.1875,7.6875,16.0625,10.4375,46,45,49,46,47,48,48,47,189,204,233,214,216,218,193,214,0.889893,0.869873,0.879883,0.799805,0.810059,0.840088,0.799561,0.899902,0.75,0.73999,0.659912,0.73999,0.709961,0.699951,0.760254,0.679932,-17.8125,-17.1875,-34.8125,-13.6875,-7.0625,-14.125,-31.8125,-25.875,-33.116409,-30.293831,-41.036854,-27.082237,-26.968147,-33.691803,-39.162853,-31.85026,23.340893,19.908152,29.672697,17.95668,17.109903,20.121819,28.031277,22.422506,46.27467,46.067951,38.015614,46.906742,34.424896,39.911758,43.431152,39.924042,26.940563,30.134932,27.682045,28.901342,40.158165,29.070108,22.648275,27.269018,3.443875,3.888967,4.629641,6.235239,8.307032,10.896317,5.889294,10.384437,38.102646,37.489944,15.65008,42.177418,53.752041,41.694077,22.573364,24.852507,37.5,3.441406,772,5.4375,210
3208700,175,204,244,203,226,231,172,208,-46.125,-46.0625,-45.75,-46.375,-47.8125,-43.875,-49.4375,-47.125,10.8125,10.5,2.3125,11.375,8.1875,8.6875,9.5625,11.75,31.125,30.375,28.8125,31.5625,30.25,27.1875,29.375,38.3125,17.5,15.5,10.25,16.1875,13.375,5.5625,14.125,12.4375,43,45,50,45,47,48,47,48,175,204,244,203,226,231,172,208,0.860107,0.850098,0.869873,0.820068,0.820068,0.809814,0.810059,0.899902,0.76001,0.76001,0.660156,0.73999,0.719971,0.690186,0.75,0.680176,-16.25,-17.1875,-32.125,-14.40625,-9.375,-14.125,-30.6875,-24.8125,-29.364925,-30.189774,-39.367546,-26.453463,-27.699503,-32.267693,-37.294144,-31.479298,21.770977,19.868912,29.767185,17.450819,17.926481,21.227602,28.130325,23.569559,46.148609,47.408604,36.614761,47.44236,36.296894,41.205269,45.212589,41.256378,28.652378,30.060577,28.076767,29.424343,38.942413,28.660124,21.187023,26.711971,3.428035,2.661906,5.541284,5.682474,6.83421,8.907004,5.470062,8.462097,38.673138,37.04892,18.04878,41.018444,49.239391,39.273926,23.023792,26.115582,37.5,3.453125,773,5.460938,207
3210280,186,213,248,213,262,228,159,200,-49.6875,-46.5,-47.4375,-46.625,-47.8125,-46.4375,-49.875,-46.9375,7,9.9375,2.5,10.0625,7,8.25,9.875,12.6875,30.875,32.125,29.625,28.5,29.5,32.125,32.25,38.3125,18.1875,16.3125,10.6875,13.125,13.4375,10.875,35.5625,12.25,46,46,50,46,47,49,47,47,186,213,248,213,262,228,159,200,0.899902,0.900146,0.810059,0.810059,0.800049,0.840088,0.809814,0.900146,0.73999,0.719971,0.719971,0.72998,0.719971,0.679932,0.75,0.679932,-18.625,-16.5,-34.3125,-14.625,-11.375,-13.09375,-32.625,-26.875,-37.421097,-30.203453,-40.478893,-27.100597,-30.665762,-35.558842,-38.229504,-31.847931,23.946918,19.927134,28.884893,18.2906,17.758188,21.812557,31.141457,22.240356,45.720203,47.239193,36.871773,46.87479,39.349766,40.52742,40.643055,40.924171,25.765396,29.79627,28.298115,29.25341,36.850063,28.447571,20.655479,26.70631,4.567481,3.037405,5.94522,5.5812,6.041984,9.212452,7.560015,10.12916,38.557018,38.155804,16.759777,40.927258,47.130154,42.442322,21.004566,23.533724,37.5,3.4375,774,5.433594,213
3211940,169,222,287,241,255,245,204,264,-49.1875,-50.9375,-51.75,-49.3125,-51.375,-46.25,-51.5,-50.8125,11.5,10.3125,3.875,10.3125,5.75,7.625,7.5625,11.6875,32.9375,30.375,31.125,31.8125,28.375,32.375,32.5,39.5625,20.0625,14.0625,9.25,14.1875,12.625,10.1875,14.125,9,47,48,51,49,50,52,50,50,169,222,287,241,255,245,204,264,0.899902,0.916504,0.826416,0.839844,0.829834,0.839844,0.859863,0.939941,0.76001,0.763428,0.773438,0.77002,0.75,0.719971,0.780029,0.699951,-15.9375,-19.5625,-15.1875,-14.625,-12.6875,-28.8125,-34.1875,-28.625,-33.512501,-33.093338,-43.666668,-27.207558,-33.765007,-35.265133,-40.95575,-34.707947,20.799084,17.731606,23.223179,16.489132,18.082499,22.684877,28.33144,20.309566,44.921066,45.702435,37.28088,46.17247,36.496201,39.008732,39.901638,43.037327,31.374508,31.012302,30.954113,31.683764,38.053432,29.029707,23.092752,26.105198,2.905347,5.55366,8.541832,5.654637,7.367876,9.276685,8.67417,10.547909,40.487064,38.001514,43.591656,42.758091,48.510971,22.178061,20.610119,24.550484,36,3.5625,775,5.914063,235
3213580,203,235,261,232,238,237,182,202,-49.6875,-50.1875,-49.5,-49,-51.5625,-49.1875,-50.125,-49.0625,9.6875,11.5625,4.0625,10.8125,7.3125,8.5625,8.6875,12.1875,32.1875,33.125,30.375,32.8125,28.9375,32.375,33.25,39.3125,13.5625,15,9.625,16.0625,11.5625,10.625,15.1875,11,45,46,50,46,48,51,48,48,203,235,261,232,238,237,182,202,0.889648,0.939941,0.840088,0.839844,0.860107,0.890137,0.850342,0.939697,0.810303,0.76001,0.76001,0.800293,0.76001,0.709961,0.779785,0.720215,-12.4375,-16.875,-34.3125,-15.5625,-14.0625,-30.375,-32.375,-26.875,-29.247337,-31.195395,-41.389439,-27.879118,-31.38092,-37.358643,-39.322578,-33.777939,17.951138,16.220453,24.503819,16.750393,16.977388,21.629889,28.547382,22.630272,39.580624,46.252846,37.080235,47.774811,34.918941,41.195511,39.99324,40.418156,35.457661,31.885368,30.072741,29.723566,38.491531,28.53581,24.116112,25.956854,7.010578,5.641328,8.343207,5.751231,9.612143,8.638785,7.343265,10.994715,45.496185,39.984997,18.721109,40.870892,46.583851,23.065134,21.289356,25.106081,36.5,3.53125,776,5.796875,223
3215220,185,244,255,231,239,227,147,191,-47.1875,-48.875,-50.125,-47.9375,-49.625,-48.5,-50.125,-48.0625,13.5625,9.5625,2.5625,10.375,9,9.3125,11.3125,13.125,31.625,33.4375,31.125,32.8125,29.25,31.1875,30.9375,39.3125,16.375,14.875,12.125,13.9375,12.1875,10.25,12.8125,10.875,43,47,50,46,47,49,48,47,185,244,255,231,239,227,147,191,0.900146,0.870117,0.859863,0.830078,0.859863,0.879395,0.810059,0.919922,0.780029,0.790039,0.740234,0.780029,0.740234,0.720459,0.790039,0.720215,-11.5625,-18.625,-37.6875,-15.5625,-6.5625,-15.625,-29.75,-25.71875,-25.799793,-33.179291,-43.748402,-28.229395,-23.833553,-35.929169,-38.475773,-32.573692,17.19029,19.676685,26.222673,16.98242,15.059419,19.890234,22.557011,21.962053,44.346336,45.319374,37.604679,46.987717,33.93306,41.089703,37.315929,40.301697,34.574711,29.628971,28.581804,30.086037,41.949799,29.714451,28.105175,26.251755,3.888664,5.374967,7.590838,5.94383,9.05772,9.305612,12.021886,11.484502,45.202221,36.750187,15.502687,40.09288,54.595882,41.254902,24.43778,25.572247,36.5,3.515625,777,5.769531,214
3216860,220,228,263,232,233,231,181,214,-48.9375,-49.375,-49.6875,-48.75,-49.625,-47.8125,-53.4375,-48.8125,8.625,9.875,2.0625,10.5625,8.625,8.3125,12.375,11.6875,32.1875,30.875,30.125,32.0625,29.25,31.4375,31.75,39.8125,14,13.0625,11.1875,14.25,11.3125,10.375,14.1875,11.25,46,47,50,47,48,50,48,48,220,228,263,232,233,231,181,214,0.889893,0.919922,0.833252,0.830078,0.810059,0.820068,0.810059,0.929932,0.790039,0.76001,0.786621,0.77002,0.75,0.73999,0.790039,0.709961,-13.8125,-17.4375,-37.4375,-14.875,-10.3125,-15.625,-32.0625,-28.375,-28.872349,-32.917629,-43.29245,-28.719578,-26.782333,-36.067104,-38.979355,-33.800735,18.215088,18.840599,27.051792,16.782812,16.06986,21.183186,23.753733,23.175961,42.181408,45.291656,38.802315,46.278225,34.166622,40.25444,43.557835,40.12912,33.807449,30.606361,28.304443,30.791574,38.885551,28.593603,22.756796,26.130884,5.796054,5.261387,5.841452,6.147389,10.877966,9.968768,9.931637,10.564036,43.297379,38.71212,15.065334,41.918022,49.841518,40.519276,24.376335,23.060648,36.5,3.757813,778,6.164063,225
3218460,216,233,241,233,226,214,201,195,-45.875,-48.625,-48.875,-48.75,-48.6875,-47.8125,-51.0625,-47.125,10,9.5625,1.75,10.8125,8.75,10.0625,10.1875,12.75,31.625,32.375,30.125,32.3125,30,31.1875,34,39.5625,14.4375,15.125,11.9375,15.25,12,10.5625,17.25,10.875,44,45,50,45,47,48,47,46,216,233,241,233,226,214,201,195,0.880127,0.870117,0.810303,0.830322,0.830078,0.849854,0.810059,0.889893,0.76001,0.780029,0.759766,0.749756,0.719971,0.690186,0.77002,0.700195,-10.625,-19.4375,-36.375,-15.125,-1.9375,-16.125,-31.375,-25.625,-25.755253,-32.740784,-42.709026,-28.270899,-22.40893,-35.212101,-38.599625,-31.545448,17.404982,19.781811,29.235373,16.760326,16.046749,20.229548,28.028097,22.072382,41.784218,46.111721,38.116745,47.226891,32.710587,41.598961,44.453491,39.784943,35.362415,29.243231,27.558023,30.397896,42.200863,28.173008,22.756653,26.37755,5.448385,4.863234,5.08986,5.614888,9.041801,9.998484,4.761756,11.765124,45.483871,36.033951,15.77287,41.480339,59.636654,39.984226,23.144745,24.801729,37.5,3.570313,779,5.714844,219
3220080,178,222,248,218,228,209,167,213,-47.1875,-48.1875,-49.3125,-48.1875,-49.8125,-46.875,-52.9375,-49.3125,11.625,10.0625,1.875,11.0625,8.6875,9.5,14.9375,11.8125,31.9375,32.625,30.875,31.8125,30,30.9375,32.5,39.0625,16.9375,15.875,12.4375,15.375,12.25,10.625,15.0625,10.4375,44,46,50,45,48,48,47,47,178,222,248,218,228,209,167,213,0.899902,0.879883,0.849854,0.829834,0.830078,0.870117,0.800049,0.929932,0.77002,0.790039,0.780029,0.780273,0.73999,0.719971,0.77002,0.719971,-11.0625,-18.125,-35.875,-14.625,-7.0625,-15.875,-30.9375,-28.375,-27.69091,-32.105221,-43.135612,-28.0875,-24.850782,-34.54327,-36.774731,-33.858986,19.191616,19.469469,28.435966,17.077854,15.965967,20.481325,18.675869,23.215122,42.236908,45.968964,38.070309,47.21611,33.730335,41.449444,44.797085,41.059299,34.567341,29.549471,26.626286,29.602871,40.91383,28.466284,25.092197,24.810572,4.004139,5.012097,6.867438,6.10316,9.389871,9.602943,11.43485,10.915009,45.655609,37.20031,16.757601,41.953125,53.563042,39.839355,25.6,23.691654,37,3.664063,780,5.941406,210
3221700,225,211,254,205,223,229,178,190,-48.9375,-47.6875,-48.875,-47.375,-49.375,-46,-52,-47.125,8.375,9.8125,2.3125,12,8.75,7.25,12.9375,12.75,31.125,30.875,31.375,31.3125,30.5,31.4375,32.5,39.5625,14,13.6875,12.8125,15.625,12.5,10.75,15.4375,11.75,46,46,51,46,47,50,48,47,225,211,254,205,223,229,178,190,0.880127,0.870117,0.799805,0.830078,0.839844,0.839844,0.826904,0.909912,0.73999,0.75,0.740234,0.72998,0.720215,0.690186,0.73999,0.690186,-12.75,-17,-36.375,-13.5,-9.5625,-30.5,-30.1875,-25.3125,-28.339287,-31.195833,-42.128765,-26.225603,-25.89152,-36.118179,-36.532345,-31.597178,18.422464,20.113501,27.889194,16.33404,16.630775,23.906652,21.963099,22.095463,42.732723,47.123394,37.016468,46.703136,35.467411,38.480404,46.313648,41.048908,33.225975,28.402578,27.930021,30.890879,39.568249,28.882933,24.505533,26.076899,5.618838,4.360528,7.16432,6.071949,8.333562,8.730008,7.217718,10.778735,44.918541,38.091545,15.576324,43.050037,49.843506,20.016142,25.81361,25.16222,37,3.558594,781,5.769531,214
3223320,180,225,254,205,261,217,159,212,-47.9375,-47.9375,-48.625,-47.375,-50.25,-48.0625,-47.9375,-47.8125,9.625,10.6875,2.1875,11.375,6.875,8.75,10.6875,11.875,31.125,30.625,29.375,32.5625,28.375,27.625,32.5,38.5625,13.3125,14.125,10.3125,17.4375,11.8125,7.125,15,10.8125,46,46,51,47,49,50,48,48,180,225,254,205,261,217,159,212,0.840088,0.930176,0.814941,0.920166,0.820068,0.880127,0.76001,0.890137,0.780029,0.689941,0.735107,0.659912,0.719971,0.659912,0.780029,0.709961,-15.4375,-17.6875,-35.0625,-15.125,-14.3125,-14.875,-30.6875,-26.125,-37.245003,-30.685467,-42.075642,-26.495253,-32.338673,-36.809925,-35.998074,-32.468388,19.897453,17.782202,28.371689,16.878437,16.959524,21.03241,26.539656,22.817533,35.958775,47.162819,36.895977,48.692966,36.479092,39.572479,36.947254,42.21331,35.128376,30.221203,28.885328,29.492912,36.721378,29.299522,23.126936,24.900757,9.015398,4.833774,5.846999,4.935688,9.84001,10.095594,13.386156,10.0684,41.10672,37.653374,17.006269,40.576324,45.382793,42.009495,21.247112,25.036076,37,3.507813,782,5.6875,214
3224920,223,223,260,202,234,207,162,190,-48.4375,-47.4375,-49.875,-46.375,-48.6875,-46.875,-50.8125,-46.6875,7.5625,10.625,2.5625,13.1875,7.3125,9.8125,13.0625,12.25,30.5625,33.125,27.75,32.3125,29.5,28.0625,34,39.3125,15,16.75,9.3125,18,11.4375,8.125,17.625,12.8125,46,46,51,45,49,49,48,47,223,223,260,202,234,207,162,190,0.869873,0.859863,0.909912,0.819824,0.819824,0.819824,0.849854,0.919922,0.77002,0.780029,0.679932,0.76001,0.719971,0.719971,0.72998,0.699951,-13.8125,-16.5,-36.375,-13,-8.1875,-15.625,-27.375,-24.375,-30.322685,-30.404942,-43.052074,-26.302925,-37.599987,-34.774632,-35.95546,-31.0625,19.185383,19.174858,27.120012,15.906158,17.2293,20.69875,22.394466,23.869919,43.094746,48.124836,36.973404,49.121891,33.110165,41.072243,45.184174,41.587814,32.176441,28.68886,30.007446,30.358643,39.172062,29.179272,25.439379,25.008339,5.543433,4.011446,5.899139,4.613307,10.488471,9.04973,6.98198,9.533928,43.656425,38.401863,16.770187,42.414616,51.737755,39.808918,27.634487,25.944767,37.5,3.480469,783,5.574219,212
3226500,211,207,236,214,212,235,166,209,-45.3125,-47,-45.75,-47.125,-46.9375,-47.3125,-46.6875,-47.5625,11.8125,10.9375,3.25,11.875,9.8125,8.875,9.0625,11.625,31.375,32.125,29.625,31.8125,29.25,31.1875,33,38.8125,14.1875,16.6875,11,15.375,11.8125,9.75,15,10.5625,44,45,49,45,47,48,47,47,211,207,236,214,212,235,166,209,0.899902,0.860107,0.900146,0.820068,0.804932,0.840088,0.850098,0.890137,0.720215,0.719971,0.659912,0.72998,0.715088,0.699951,0.689941,0.689941,-11.0625,-16.25,-31,-15.8125,-0.25,-14.875,-28.8125,-25.625,-25.32373,-31.213367,-38.344963,-27.561459,-19.170378,-35.451843,-36.291168,-32.453049,16.499346,19.214165,27.210367,16.733339,15.103179,19.452637,24.741264,23.94997,41.715839,46.109314,38.243553,48.522709,31.777557,38.652916,40.273308,39.683956,35.564724,30.477583,28.585741,29.425318,43.706997,30.861092,23.627926,25.239866,6.220092,4.198936,5.960341,5.318638,9.412265,11.033357,11.357505,11.126209,44.661774,38.740158,20.293398,39.667458,61.279739,41.321655,22.673965,25.397974,37.5,3.472656,784,5.492188,211
3228100,194,204,251,201,215,212,191,209,-47.6875,-45.8125,-47.4375,-46.375,-47.375,-45.125,-47.1875,-47.8125,8.8125,10.625,2.4375,11.0625,8.625,8.875,7.4375,11.5625,31.625,32.375,29.125,31.8125,27.0625,27.1875,33.25,38.8125,14.8125,17.5,10.5625,16.625,9.25,6.5,15.3125,11.3125,45,46,50,46,47,48,48,48,194,204,251,201,215,212,191,209,0.97998,0.869873,0.890137,0.839844,0.810059,0.850342,0.819824,0.909912,0.659912,0.76001,0.679932,0.73999,0.72998,0.689697,0.740234,0.689941,-14.875,-15.8125,-33.75,-13.9375,-9.125,-13.21875,-30,-25.875,-31.314777,-29.880535,-40.558689,-26.540697,-25.965281,-33.940884,-37.27779,-32.5578,20.109253,19.916557,28.791079,17.878199,16.262514,21.497015,28.136822,23.059908,41.374989,47.199284,37.724792,47.268005,33.836483,40.48885,39.120758,40.912594,32.157482,30.448118,28.627317,29.461199,38.915588,28.986761,21.919516,25.931639,6.358281,2.436039,4.856815,5.392592,10.985414,9.027379,10.822903,10.095861,41.371159,38.369305,17.871326,41.486813,50.495052,41.571663,21.367521,25.324675,37.5,3.445313,785,5.515625,209
3229680,208,206,231,222,226,211,170,199,-44.8125,-45.3125,-48.25,-46.875,-46.9375,-45.8125,-49.1875,-46.1875,10.625,10.0625,5.25,9.8125,9.5,9.0625,13,13.375,33.375,31.125,30.875,30.625,29.5,28.0625,33.5,38.0625,14.625,15.5625,12.6875,13.8125,11.3125,8.3125,16.375,10.8125,44,45,49,45,47,48,47,46,208,206,231,222,226,211,170,199,0.879883,0.840088,0.920166,0.830078,0.889893,0.829834,0.820068,0.899902,0.700195,0.76001,0.659912,0.73999,0.620117,0.690186,0.73999,0.680176,-11.0625,-17.1875,-33.25,-16.5,0.5,-13.875,-28.8125,-22.9375,-26.610777,-30.154667,-39.433212,-29.211491,-18,-34.477127,-35.150002,-29.535028,18.566046,19.754175,27.398834,18.152826,15.608165,19.948439,21.485779,21.050667,42.422428,46.254734,39.335434,46.80434,31.43005,39.088451,45.266151,41.844265,32.23687,29.508656,28.246107,28.930437,43.469334,29.967529,27.539158,26.204025,6.774653,4.482439,5.019621,6.112401,9.49245,10.995581,5.708913,10.901043,43.027889,36.794765,18.957346,39.19355,62.153347,42.69006,24.640966,27.596437,37.5,3.332031,786,5.269531,209
3231260,184,214,265,214,273,220,178,221,-44.25,-46.5,-44.9375,-44.0625,-48.6875,-44.25,-47.4375,-45.5,8.8125,10.6875,3.0625,10.1875,5.5625,9.125,10.0625,11.3125,30.5625,32.375,30.625,31.8125,28.6875,29.6875,31.1875,38.5625,14.6875,15.75,11.125,15.25,12.9375,9.5625,13.125,11.875,45,46,50,46,48,48,47,48,184,214,265,214,273,220,178,221,0.830078,0.820068,0.860107,0.800049,0.800049,0.830078,0.77002,0.870117,0.76001,0.780029,0.659912,0.72998,0.719971,0.689941,0.77002,0.669922,-12,-15.0625,-31.5,-12.0625,-12.6875,-11.8125,-29.3125,-23.1875,-26.874081,-29.654564,-37.970104,-24.577032,-34.753262,-32.250954,-35.597328,-30.411304,20.540302,19.119486,28.800207,18.064138,18.562458,21.050375,24.106848,23.21242,42.33699,46.289433,36.524055,46.100018,36.911156,41.699291,39.728184,43.213234,32.397621,30.32449,28.739973,30.259687,36.695419,28.497332,25.318415,25.09861,4.725082,4.266596,5.935762,5.576161,7.830966,8.753002,10.846552,8.475738,42.928452,39.857368,17.783291,42.174629,46.526657,42.999172,22.603273,26.542749,37.5,3.527344,787,5.574219,221
3232820,189,223,252,209,219,205,189,194,-43.4375,-45.3125,-45.75,-46.375,-46.25,-44.9375,-48.6875,-46.9375,11.25,9.9375,2.4375,10.75,9.9375,9.125,9.25,12.375,31.125,32.875,31.125,32.0625,30,30.6875,32,38.5625,14,15.9375,12.0625,17.125,12.25,9.875,14.9375,12.75,43,46,50,46,46,48,47,47,189,223,252,209,219,205,189,194,0.869873,0.869873,0.860107,0.820068,0.810059,0.820068,0.880127,0.910156,0.76001,0.77002,0.679932,0.73999,0.72998,0.719971,0.699951,0.689941,-11.3125,-15.8125,-31.625,-14.875,-3.5625,-12.875,-29.3125,-24.625,-24.218443,-29.682426,-38.092598,-27.655745,-21.135307,-33.408089,-37.079384,-31.514744,18.625704,19.971346,28.336657,18.144905,15.552836,20.686335,25.198835,22.6616,42.391731,46.50145,36.475136,46.988716,33.841145,40.014954,41.290211,41.075279,33.211155,29.693846,27.875477,28.800762,41.964104,28.484423,22.975632,26.063082,5.77141,3.833365,7.312736,6.06562,8.641912,10.814294,10.535322,10.200043,43.08466,37.729816,19.227674,40.159363,55.983608,42.257004,24.247105,26.096491,38,3.480469,788,5.433594,210
3234400,180,205,254,213,219,211,161,202,-43.4375,-45.8125,-47.625,-46.875,-48.4375,-44.9375,-48.9375,-46.6875,10.1875,10.25,3.875,10.75,8.8125,9,13.375,11.25,31.375,29.875,31.125,30.625,29.5,27.1875,31.1875,37.5625,16.75,14.625,11.5625,13.9375,12.875,5.75,12.0625,10.625,44,45,50,46,47,48,47,47,180,205,254,213,219,211,161,202,0.859863,0.869873,0.889893,0.809814,0.859863,0.829834,0.779785,0.909912,0.73999,0.75,0.649902,0.73999,0.659912,0.689941,0.76001,0.669922,-10.8125,-16.75,-32.5,-15.375,-6.3125,-14.375,-28.0625,-26.125,-25.640343,-29.880444,-38.918499,-27.909075,-24.3125,-33.54105,-34.268284,-32.127842,20.366627,19.253162,28.7981,17.667179,17.065624,20.900972,22.064705,23.791828,44.72887,46.362186,37.604465,46.761787,33.98185,40.451557,43.948658,39.302547,31.746159,29.587889,27.446609,29.4175,41.313492,28.183273,24.545511,25.950706,3.158344,4.796767,6.150822,6.153534,7.639037,10.464198,9.441121,10.954917,43.283581,37.409492,19.085173,40.645161,54.049717,40.147785,25.018728,24.406528,37.5,3.277344,789,5.183594,205
3235980,170,222,255,223,259,208,218,199,-44,-47.6875,-46.1875,-46.875,-47.125,-44.9375,-52.6875,-46.4375,11.4375,9.3125,2.8125,10.1875,6.875,10,12.8125,11.375,31.9375,31.625,29.875,28.75,29.5,27.8125,30.9375,38.3125,16.1875,15.9375,11.4375,10.3125,12.875,7.25,13.5625,12.9375,44,46,51,47,48,49,49,49,170,222,255,223,259,208,218,199,0.870117,0.870117,0.869873,0.820068,0.800049,0.849854,0.800049,0.900146,0.75,0.75,0.650146,0.72998,0.719971,0.660156,0.73999,0.679932,-11.5625,-19.8125,-32.25,-15.5625,-10.5625,-13.625,-30.4375,-24.625,-27.026524,-32.136101,-39.098969,-27.480312,-28.251472,-31.845396,-37.352169,-31.760292,20.870411,20.113462,29.661829,17.24206,17.411915,20.142801,20.185856,24.771729,43.046619,45.839863,37.283627,46.121605,37.78273,41.548256,45.779274,42.226448,31.218676,29.487503,26.873032,29.577333,38.457241,29.139248,23.762997,25.257936,4.864292,4.559172,6.181515,7.059006,6.348108,9.169696,10.271876,7.743886,42.716049,35.145782,18.027487,39.920319,47.716148,40.998363,26.042429,25.737465,37.5,3.386719,790,5.351563,219
3237560,173,205,244,223,231,223,221,191,-45.3125,-46.3125,-47.8125,-47.125,-50.0625,-45.8125,-51.5,-46.4375,12.9375,9.875,4.3125,10.875,12.375,10.3125,11.4375,11.6875,31.625,30.375,29.625,32.0625,29.75,30.6875,28.5,39.0625,16.75,15.5,10.5625,15.5625,11.5625,10.25,12.25,14.3125,43,45,50,45,47,48,48,48,173,205,244,223,231,223,221,191,0.869873,0.849854,0.900146,0.819824,0.780029,0.829834,0.800049,0.929932,0.75,0.75,0.639893,0.740234,0.719971,0.670166,0.73999,0.669922,-14.875,-17.6875,-36.125,-15.8125,-1.5,-14.625,-30,-24.125,-28.956467,-30.733782,-40.748936,-27.818024,-18.975327,-32.385502,-36.968292,-31.043581,20.489689,20.658533,27.685204,17.602633,13.178939,19.353889,20.491928,25.026569,43.769459,47.68906,36.531902,47.922817,30.157173,41.672787,45.361153,42.609993,30.839916,28.262074,29.480188,28.674618,44.665619,28.831562,25.638823,24.310518,4.900937,3.390337,6.302704,5.799932,11.99827,10.141765,8.508099,8.052919,39.561333,36.494022,14.759274,39.542225,60.845734,40.372169,25.59524,26.096491,37.5,3.257813,791,5.152344,213
3239120,205,202,243,225,243,234,181,207,-46.875,-46.0625,-45.375,-45.5625,-47.375,-45.5625,-50.375,-47.375,7,10.125,2.625,10.125,8.3125,7.75,11.3125,11.125,31.125,31.875,30.125,31.8125,30.5,29.9375,32.25,37.8125,15.375,17.625,12,14.75,12.5,9.125,15.375,10.875,46,45,50,46,47,48,47,47,205,202,243,225,243,234,181,207,0.889893,0.849854,0.860107,0.809814,0.839844,0.859619,0.819824,0.859619,0.710205,0.730225,0.620117,0.700195,0.640381,0.650391,0.700195,0.640381,-14.875,-18.125,-31,-14.875,-6.3125,-12.3125,-31.125,-26.625,-31.159595,-30.538315,-38.718616,-26.824837,-23.099491,-35.573177,-37.328335,-32.872097,21.463263,20.957712,28.609484,17.999916,16.456478,21.19158,24.60121,24.151613,43.792747,47.890911,36.924492,47.699989,34.776123,37.563847,45.950104,38.372524,29.512783,28.228941,27.101749,29.171291,40.817101,31.669954,22.376383,25.343313,5.231202,2.922434,7.364275,5.128803,7.950304,9.574618,7.072309,12.132553,41.025642,35.846031,19.575857,39.660744,52.728729,43.60656,23.298033,24.005785,38,3.355469,792,5.238281,217
3240700,159,180,252,213,257,235,214,207,-47.1875,-44.625,-45.75,-45.5625,-47.5625,-45.375,-48.9375,-46.4375,12.75,11.75,1.9375,10.375,6.6875,8.1875,8.75,12.25,31.125,32.125,30.125,31.8125,28.9375,27.625,29.375,38.8125,16.9375,18,11.4375,15.8125,13.0625,6.25,12.0625,12.4375,43,45,50,47,48,49,48,48,159,180,252,213,257,235,214,207,0.880127,0.879883,0.811523,0.820068,0.800049,0.799805,0.790039,0.899902,0.77002,0.740234,0.755127,0.76001,0.76001,0.740234,0.790039,0.720215,-18.375,-13.8125,-34.0625,-11.8125,-12.9375,-14.375,-30.6875,-24.625,-30.90329,-27.944696,-39.485001,-25.453804,-30.597858,-33.91013,-37.261681,-31.398363,20.81395,18.966597,30.271408,18.012205,17.817871,21.350933,27.754068,23.138262,43.886356,47.782219,36.110855,46.097931,38.482292,41.553616,44.038345,41.141888,29.437319,31.043333,27.415825,30.49213,37.345627,27.580139,21.879602,26.467567,5.862374,2.207851,6.201915,5.397738,6.354204,9.515311,6.327987,9.252284,36.791698,40.14658,15.403624,43.61874,45.261436,40.358017,22.548264,25.58651,37.5,3.402344,793,5.378906,214
3242280,162,221,305,222,228,259,249,246,-43.6875,-47.9375,-49.0625,-47.125,-48.25,-48.0625,-51.75,-49.5625,16.125,9.5,1.875,10.625,7.75,8.1875,7.75,12.125,30.875,30.375,30.625,28.75,29.25,29,29.625,39.0625,15.75,14.8125,8.75,12.5,12.8125,6.5625,11.5625,10.25,42,46,51,46,48,49,49,48,162,221,305,222,228,259,249,246,0.850098,0.870361,0.920166,0.830078,0.830078,0.860107,0.820068,0.930176,0.72998,0.72998,0.639893,0.719971,0.689941,0.669922,0.73999,0.659912,-10.1875,-17.4375,-36.9375,-13.6875,-9.375,-15.875,-33.375,-26.375,-24.737982,-32.026291,-42.780952,-26.435936,-25.626099,-35.575523,-40.355782,-32.757732,17.078539,20.392982,26.504112,17.056145,16.354301,19.523907,27.407179,21.45945,42.107391,46.798004,36.882648,47.228294,34.835896,39.767162,43.005463,44.009819,35.689873,29.587158,29.515379,30.690701,39.250896,30.4053,22.470869,25.361555,5.124197,3.22186,7.097862,5.024857,9.558912,10.30363,7.11649,9.169172,44.928749,38.214565,14.934566,42.225731,50.161289,40.487419,21.681416,26.16361,37.5,3.457031,794,5.464844,236
3243880,177,207,287,224,246,258,214,207,-47.6875,-46.5,-50.9375,-46.375,-49.8125,-47.5625,-52,-47.375,14.5625,12.6875,1.125,11.125,6.3125,8.0625,11.0625,11.9375,30.5625,32.875,31.625,32.5625,29.25,32.125,34,38.8125,15.4375,17.875,12.25,15.9375,12.8125,9.875,15.375,11,42,45,51,46,49,50,48,47,177,207,287,224,246,258,214,207,0.859863,0.879883,0.834717,0.819824,0.839844,0.820068,0.799805,0.929932,0.75,0.72998,0.735107,0.73999,0.709961,0.689941,0.75,0.679932,-15.1875,-16.5,-15.75,-13.25,-12.4375,-16.125,-31.375,-25.625,-28.890625,-27.581251,-45.441761,-24.822639,-39.136032,-36.036057,-37.611958,-32.259964,18.544369,17.001768,25.552383,16.647234,18.877502,21.06628,24.043356,22.562796,41.599483,48.937138,38.531494,47.31818,35.282143,40.293964,42.619816,42.027225,33.944069,31.908781,28.754276,31.135983,38.150452,28.6329,23.103323,25.436153,5.912077,2.152315,7.16185,4.898599,7.689904,10.00686,10.233509,9.973824,41.533546,37.795277,42.619228,41.963581,47.272728,39.450981,23.982557,25.235676,37.5,3.34375,795,5.351563,227
3245460,164,201,267,231,225,232,203,198,-44,-44.625,-49.0625,-45.8125,-47.8125,-48.5,-50.125,-46.9375,16.5,10.875,3.5,10.75,8.5,9.1875,8.625,11.9375,31.625,32.625,30.875,32.5625,25.1875,32.125,32.25,38.5625,16.875,17.25,11.25,13.5,7.625,9.875,15.5625,11.375,40,44,50,45,47,48,48,47,164,201,267,231,225,232,203,198,0.880127,0.919922,0.869873,0.889893,0.909912,0.879883,0.949951,0.859863,0.719971,0.660156,0.650146,0.640137,0.600098,0.640137,0.590088,0.660156,-10.375,-16.0625,-34.8125,-12.75,-6.5625,-17.875,-31.375,-24.625,-24.23732,-28.25,-40.744804,-26.539425,-24.200001,-35.551903,-38.606213,-31.668995,17.268642,18.736475,26.336369,15.734328,16.225618,19.737568,26.815048,23.074381,43.619541,47.991112,37.386444,47.057419,34.225304,40.754654,44.640072,40.009758,35.144909,30.435272,28.843376,30.846998,40.828999,28.702015,20.99268,24.688473,3.966906,2.837144,7.433811,6.361258,8.720079,10.805767,7.552202,12.227387,44.462811,37.329041,17.826427,42.958302,53.527981,37.984497,23.122677,25.869566,37.5,3.453125,796,5.460938,215
3247040,144,237,273,230,233,214,188,206,-46.375,-47.6875,-48.25,-46.875,-49.625,-46.6875,-50.125,-46.9375,18.8125,9.5625,1.625,11.6875,8,8.375,11.75,12.625,30.3125,32.125,31.375,32.3125,28.9375,26.0625,30.9375,38.5625,17.4375,15,11.9375,15.6875,12.5625,5.25,12.5,11.875,39,45,50,45,47,48,47,46,144,237,273,230,233,214,188,206,0.889893,0.915039,0.806641,0.810303,0.830078,0.859863,0.789795,0.910156,0.790039,0.764893,0.773438,0.769775,0.76001,0.730225,0.800293,0.719971,-13.5625,-16.25,-35.3125,-14.1875,-12.6875,-14.125,-29.75,-24.125,-27.686626,-31.647919,-42.117603,-25.516527,-36.250244,-35.131248,-36.399895,-30.560785,19.348032,19.523169,28.541273,15.906612,17.732138,21.271526,25.096905,20.901627,41.394661,46.754478,36.877335,47.53664,34.568604,41.158859,43.013489,43.087883,34.641659,29.031092,27.496704,30.604263,39.505463,28.01292,24.33791,27.034882,4.615648,4.691256,7.08469,5.952486,8.193797,9.556695,7.551699,8.975607,42.787285,39.389194,16.248039,41.27861,47.016708,41.948471,24.292101,26.681286,37.5,3.542969,797,5.601563,215
3248620,162,214,256,235,230,229,194,205,-46.125,-47,-47.8125,-47.6875,-48.25,-46.4375,-51.5,-47.375,12,11.4375,1,10.4375,9.5,8.6875,11.875,10.9375,29.8125,32.375,28.5625,32.8125,29.75,32.375,29.625,38.5625,16.5,17.125,9.9375,14.5625,10.875,11.25,12.0625,11.125,43,46,50,46,46,48,48,47,162,214,256,235,230,229,194,205,0.849854,0.809814,0.850098,0.819824,0.780029,0.830078,0.789795,0.889893,0.73999,0.77002,0.699707,0.72998,0.72998,0.679932,0.73999,0.679932,-12,-15.0625,-35.0625,-13.5,-5.6875,-15.375,-30,-26.875,-28.66827,-29.671827,-41.98518,-27.423866,-27.529999,-34.795139,-36.682354,-33.151043,20.414879,17.976234,30.876076,17.321808,15.78811,21.523846,22.120789,24.456966,42.218311,47.817013,35.820396,46.554672,33.983257,41.420097,43.001347,40.045197,32.825096,31.314411,28.034195,29.987436,38.733154,27.551243,23.013433,25.089481,4.541719,2.892342,5.269324,6.13608,11.495478,9.504808,11.864435,10.408353,44.644318,40.236221,16.101027,42.468945,54.567307,39.413162,25.21994,23.854546,37.5,3.402344,798,5.378906,215
3250180,162,221,253,237,202,230,199,208,-44.8125,-46.75,-49.0625,-47.9375,-47.8125,-46.875,-48.4375,-47.125,13.0625,9.8125,1.3125,10.6875,9.75,8.0625,8.9375,12.1875,29.8125,31.125,29.875,32.5625,29.75,30.9375,33,38.3125,17.25,15.4375,11.8125,15,12.1875,10.3125,14.8125,10.8125,42,45,50,45,46,48,47,46,162,221,253,237,202,230,199,208,0.840088,0.840088,0.879883,0.810059,0.809814,0.839844,0.929932,0.899658,0.76001,0.73999,0.640137,0.72998,0.700195,0.690186,0.600098,0.68042,-14.3125,-16.25,-36.375,-14.875,-1.5625,-17.125,-30.6875,-24.625,-26.778664,-31.666988,-42.925674,-27.741072,-22.907,-36.511673,-36.672142,-31.75568,20.48304,19.732498,29.010891,17.068676,17.002773,22.216753,27.006548,22.430758,44.420391,45.71418,37.616356,47.136017,32.244209,39.624592,42.385189,40.608887,31.767353,30.407864,26.254276,29.841064,41.281403,29.191853,23.688496,25.845402,3.329218,4.145458,7.118473,5.954238,9.471615,8.966805,6.919765,11.114957,40.464344,39.165329,16.286388,41.07143,59.629333,38.232933,22.035194,26.335039,38,3.625,799,5.660156,214
3251740,151,202,251,206,220,240,194,213,-45.3125,-45.3125,-47,-45.5625,-47.5625,-44.9375,-48.4375,-48.3125,12.8125,11.6875,2,11.625,7.9375,7.875,8.9375,13.4375,30.3125,31.625,30.125,31.125,30,31.625,29.0625,38.3125,17.0625,16.375,11.625,15.5625,12.875,10.1875,10.9375,10.625,42,43,49,44,45,48,47,46,151,202,251,206,220,240,194,213,0.860107,0.850098,0.786865,0.810059,0.790039,0.800049,0.790039,0.910156,0.73999,0.72998,0.713135,0.699951,0.709961,0.679932,0.72998,0.639893,-12.75,-15.8125,-34.0625,-12.75,-10.0625,-13.125,-29.3125,-23.4375,-32.085155,-27.970276,-40.898705,-25.37989,-32.65781,-33.833408,-36.424946,-31.136242,21.309124,17.468225,29.061449,16.755463,18.035311,21.832249,28.824371,20.191683,41.180508,47.332947,36.371323,46.216057,35.33152,40.74482,42.556698,42.872898,32.896133,31.575212,27.512259,31.534594,38.167618,27.996073,22.783871,26.563757,4.61423,3.623612,7.054967,5.493887,8.465551,9.426856,5.835058,10.371659,43.05785,38.342812,16.666668,42.787285,48.348106,41.551022,23.059532,28.715729,38,3.570313,800,5.574219,209
3253300,160,225,255,228,213,217,178,199,-44.8125,-46.0625,-48.25,-47.125,-46.5,-45.375,-48.6875,-46,16.5625,9.875,3.5625,10.1875,9.1875,8.5,11.0625,11.5,31.625,31.125,30.375,31.125,29.5,30.6875,30.4375,38.0625,18,14.125,11,14.4375,13.75,9.25,13.5,11.4375,41,45,50,45,46,47,46,46,160,225,255,228,213,217,178,199,0.849854,0.820068,0.840088,0.810059,0.800049,0.810059,0.790039,0.870117,0.73999,0.72998,0.669922,0.72998,0.699951,0.699951,0.73999,0.679932,-10.1875,-16.25,-32.5,-13.5,-6.5625,-17.125,-30.4375,-25.3125,-23.715626,-29.676746,-40.446747,-27.438765,-21.82407,-34.857609,-35.627449,-31.21579,18.294321,18.753033,29.728821,17.144085,17.051292,21.967155,25.407913,24.463354,43.53867,45.882885,36.461494,46.543591,35.447914,39.412354,43.443169,39.89185,34.626595,29.335981,27.065701,30.130873,41.165768,27.600973,22.993526,24.763884,3.540414,6.028098,6.743988,6.181447,6.335025,11.019518,8.155387,10.880911,45.298447,38.498791,19.905214,42.971249,52.549343,37.140511,22.273073,24.609665,38,3.625,801,5.660156,209
3254860,162,218,255,206,244,214,188,206,-44,-45.5625,-47.8125,-45.5625,-48.4375,-44.9375,-47.1875,-46.6875,12.75,10.625,2.4375,11.8125,7.125,8.625,8.1875,12,29.5,32.375,29.375,31.5625,28.9375,31.4375,30.9375,38.0625,16.9375,15.1875,10.75,15.1875,12.6875,10.75,12.1875,11.4375,42,45,50,44,46,47,47,46,162,218,255,206,244,214,188,206,0.839844,0.869873,0.880127,0.819824,0.800049,0.840088,0.930176,0.889893,0.73999,0.72998,0.639893,0.719971,0.719971,0.679932,0.589844,0.669922,-13.25,-15.0625,-34.8125,-13,-9.5625,-13.625,-28.5625,-24.625,-26.489376,-28.535175,-40.769707,-25.07151,-36.255863,-34.068752,-36.573383,-31.535381,20.349791,18.423122,29.757303,16.577164,18.405693,22.642052,27.634541,22.870552,44.539463,46.299339,37.191765,46.621601,35.712791,40.457386,40.257515,41.657532,31.506168,30.648449,27.8176,31.185753,38.699661,27.487579,20.483532,25.581682,3.604576,4.629095,5.233326,5.615478,7.181857,9.412979,11.624409,9.890234,41.518986,39.133923,16.732439,42.220421,50.242329,40.998363,23.392719,26.032448,38,3.589844,802,5.601563,211
3256420,153,199,252,216,235,214,169,201,-43.125,-44.1875,-46.5625,-46.125,-47.5625,-45.8125,-47.6875,-46.9375,14.5,10.3125,1.1875,11,7.5625,8.8125,10,11.8125,30.0625,30.375,29.125,32.5625,29.5,31.625,29.875,38.0625,17.3125,14.4375,11.0625,17.0625,13.375,10.125,11.8125,11.125,41,44,50,45,47,47,47,46,153,199,252,216,235,214,169,201,0.870117,0.820068,0.819824,0.820068,0.819824,0.829834,0.790039,0.869873,0.719971,0.76001,0.700195,0.719971,0.690186,0.690186,0.75,0.670166,-12.25,-14.3125,-34.0625,-13.9375,-8.3125,-14.625,-29.5625,-25.875,-25.942526,-28.594057,-41.410107,-26.893093,-27.854414,-34.691666,-35.838905,-31.863899,19.846035,19.767736,29.860291,17.807995,17.542747,21.467155,27.352268,23.227894,43.206966,46.257233,37.571579,48.558311,35.873875,39.970482,40.044331,39.960846,33.882351,30.536964,26.803223,28.789181,39.629215,27.976278,25.105042,25.435671,3.064651,3.438066,5.76491,4.844514,6.954161,10.586087,7.498356,11.37559,42.186165,39.276909,16.666668,40.905483,50.932682,40.274414,22.324865,24.706745,38,3.5,803,5.464844,204
3258000,153,205,260,204,218,203,177,200,-44.5625,-45.0625,-47.4375,-44.8125,-48.6875,-44.5,-49.625,-46,11.75,11,2,11.1875,7.75,9.1875,11.3125,12.3125,30.875,29.375,29.625,29,28.6875,31.625,32,38.3125,19.25,13,10.5,14.0625,13.4375,10.75,15.625,12.5625,44,45,50,46,47,48,48,47,153,205,260,204,218,203,177,200,0.859863,0.890137,0.800049,0.830078,0.799805,0.820068,0.790039,0.910156,0.760254,0.719971,0.73999,0.75,0.740234,0.719971,0.75,0.689941,-10.8125,-15.5625,-33.75,-12.75,-9.125,-13.375,-30.1875,-22.75,-27.27647,-28.62925,-40.485901,-25.442846,-35.526787,-32.876396,-35.624111,-30.387869,22.321772,17.641306,29.589018,17.34511,18.138466,21.484045,24.137072,21.736422,43.180668,46.724873,35.805546,47.180683,34.798889,41.068615,42.824951,43.270798,32.478409,31.382692,28.052261,30.205124,37.799362,28.569115,21.889372,26.00309,2.019152,4.251132,6.553174,5.269086,9.263279,8.878226,11.148608,8.989687,44.739021,38.667751,17.478054,42.118229,51.130856,40.8867,23.66819,27.575981,37.5,3.421875,804,5.40625,202
3259520,176,186,256,221,223,226,168,207,-43.4375,-42.625,-46.8125,-44.8125,-48.6875,-43.4375,-46.9375,-45.25,9.9375,12.5625,4.375,9.9375,6.6875,8.8125,6.0625,12.8125,31.125,31.625,30.375,30.625,26.25,32.375,29.0625,38.0625,17.0625,16.25,12.0625,13.375,11.0625,10,12.0625,11,43,43,47,45,46,46,46,46,176,186,256,221,223,226,168,207,0.829834,0.860107,0.920166,0.820068,0.800049,0.780029,0.820313,0.880127,0.730225,0.659912,0.619873,0.689941,0.699951,0.699951,0.699707,0.639893,-11.5625,-13,-32,-9.625,-14.3125,-11.5625,-30.9375,-21.8125,-29.284559,-24.275,-38.281536,-24.026316,-37.744469,-31.933952,-37.654503,-28.959106,21.034359,16.49025,26.704016,17.538509,19.94767,21.04682,36.311516,19.879534,41.846313,46.975662,36.321964,43.503757,37.231277,40.263252,36.984322,44.230675,33.85603,32.567284,30.222309,32.252995,34.434856,28.945955,19.27643,26.010387,3.263294,3.966804,6.751709,6.704737,8.38619,9.743972,7.427732,9.8794,42.749371,40.050377,19.645733,46.644573,44.897957,42.044518,20.141621,28.047869,39,3.425781,805,5.210938,207
3261080,154,195,250,206,247,214,180,200,-43.6875,-44.625,-47,-44.0625,-48.25,-43,-45.75,-45.75,10.625,12.6875,4.75,10.375,6.0625,8.9375,7.4375,12.9375,30.0625,31.625,28.5625,31.5625,28.125,32.375,32.25,38.3125,16,15.5625,10.5,16.25,12.75,10.125,15.625,12.375,43,43,48,45,47,47,47,46,154,195,250,206,247,214,180,200,0.829834,0.899658,0.870117,0.800049,0.790039,0.800049,0.837402,0.890137,0.73999,0.679932,0.639893,0.72998,0.72998,0.709961,0.682617,0.669922,-11.75,-13.8125,-32.25,-11.5625,-12.6875,-12.3125,-29.3125,-22.3125,-32.285156,-26.125605,-38.247177,-24.652155,-36.970169,-31.659462,-35.418976,-29.730885,22.454853,15.746639,27.574339,18.506273,19.439796,21.320419,30.454233,20.96991,40.861134,48.542328,36.715015,46.272465,36.27195,41.001179,35.774044,43.11557,32.588699,32.768215,29.713753,30.58432,36.022015,28.600985,22.453049,26.487192,4.095316,2.942816,5.996887,4.636942,8.266238,9.077415,11.318672,9.427328,43.305084,40.409836,19.708031,42.975204,46.563011,40.7131,21.073719,27.881041,38,3.300781,806,5.152344,205
3262640,174,200,289,214,217,211,157,189,-43.4375,-44.1875,-46,-45.0625,-47.375,-45.125,-48.9375,-44.8125,9.25,9.375,2,9.875,9.3125,8.5625,13.75,12.125,30.0625,32.125,31.125,29.25,29.25,32.625,29.625,38.3125,16.125,17.5625,10.6875,14.5625,13.6875,11.6875,11.6875,13.375,45,45,50,46,48,48,47,45,174,200,289,214,217,211,157,189,0.829834,0.889893,0.819824,0.799561,0.769775,0.849854,0.789795,0.839844,0.73999,0.689941,0.679932,0.720215,0.72998,0.669922,0.72998,0.679932,-8.4375,-16.0625,-33.25,-14.1875,-4,-13.625,-26,-22.75,-24.608438,-30.606251,-39.314739,-27.869675,-18.429972,-33.65625,-34.193062,-29.85503,20.115227,22.322849,27.760597,19.276512,17.341738,22.670044,18.950813,23.869804,41.508041,47.956909,36.183548,48.256512,32.845116,41.517769,42.914436,41.678635,34.878895,28.133354,28.81287,27.360758,42.75824,27.578508,25.833735,23.614279,3.497839,1.58689,7.24299,5.106219,7.05491,8.23368,12.301014,10.83728,47.619049,36.855038,16.531605,40.293636,56.606853,40.514469,28.079573,26.38266,38,3.480469,807,5.433594,206
3264200,155,205,247,235,208,228,162,198,-43.4375,-45.3125,-46.1875,-46.625,-46.5,-45.5625,-48.6875,-46.9375,14.75,9.9375,2.9375,9.5625,9.375,8.0625,12.6875,11.375,29.5,31.625,27.5,27.125,27.3125,30.4375,32.75,38.0625,16.25,16.5625,9,9.625,12.1875,9.875,15.5,12.1875,41,45,49,46,47,48,47,46,155,205,247,235,208,228,162,198,0.840088,0.959961,0.839844,0.820068,0.75,0.849854,0.790039,0.909912,0.780029,0.680176,0.700195,0.75,0.780029,0.730225,0.77002,0.710205,-11.75,-19.5625,-31.75,-16,-3.8125,-15.375,-28.3125,-26.375,-24.364285,-31.036184,-39.265644,-28.393833,-33.692963,-35.21524,-34.354553,-32.246639,20.688848,19.77239,28.221712,18.001631,16.895584,21.51827,21.378113,24.321985,44.763802,46.759132,36.992691,46.111214,31.749454,39.118092,44.952591,40.079224,30.893618,29.967434,27.436668,29.96306,42.95945,29.211679,22.966175,25.489059,3.653726,3.501045,7.348927,5.924094,8.39551,10.151956,10.703124,10.109732,42.820946,34.111023,18.857141,39.389069,57.832348,39.720394,25.019186,24.191177,38,3.445313,808,5.378906,204
3265760,161,186,270,235,214,218,227,179,-43.125,-43.0625,-47.625,-45.3125,-46.5,-44.6875,-48.9375,-45.0625,13.6875,9.875,3.3125,9.5,8.3125,9,9.9375,12.25,30.3125,31.125,29.875,31.5625,28.9375,30.6875,32.75,37.5625,17.0625,17.8125,11.3125,14.625,13.4375,10.6875,14.5625,12.875,42,45,49,46,47,48,47,46,161,186,270,235,214,218,227,179,0.850098,0.949951,0.870117,0.800049,0.850098,0.860107,0.790039,0.910156,0.709961,0.600098,0.629883,0.699951,0.629883,0.629883,0.719971,0.639893,-11.3125,-17,-34.0625,-13.9375,-5.4375,-13.125,-30,-23.875,-25.054167,-29.258179,-39.582138,-26.901041,-35.60038,-32.986927,-36.627167,-30.305101,20.319389,20.202007,27.32126,18.441496,19.153513,21.131145,24.277388,23.740555,43.516777,48.618023,37.675724,45.938251,34.978775,41.444721,44.42205,39.964149,32.712223,29.404253,28.720804,29.696878,39.087128,28.801632,25.633553,26.945129,3.451604,1.775712,6.282213,5.923376,6.780584,8.622501,5.667004,9.350165,43.319149,36.099586,17.5,40.813007,54.432476,41.873966,23.182861,25.642963,38,3.320313,809,5.183594,211
3267300,176,225,270,217,235,220,202,188,-44.25,-47.4375,-47.4375,-43.8125,-47.8125,-43.875,-49.625,-45.25,7.125,10.8125,3.5625,9.5625,6,7.625,9.8125,14.5625,29.5,32.375,28.8125,29,28.125,27.1875,32.25,38.5625,14.625,17.3125,9.9375,12.625,12.8125,6.4375,15.5625,13.1875,45,45,49,46,47,48,47,45,176,225,270,217,235,220,202,188,0.840088,0.929932,0.860107,0.790039,0.800049,0.810059,0.810059,0.820068,0.709961,0.649902,0.629883,0.699951,0.689941,0.659912,0.709961,0.709961,-11.3125,-16.5,-33,-11.125,-11.625,-16.375,-29.3125,-20.9375,-31.981018,-30.027336,-39.271236,-25.320955,-38.267124,-33.964626,-37.044125,-28.116129,22.524773,18.758739,26.973692,18.15564,20.132898,23.054998,25.76082,18.75301,39.638645,48.702286,36.930611,45.611,36.072845,41.059757,44.492836,44.842609,32.28426,29.615406,29.460072,29.907089,36.230293,27.040419,23.845396,26.558737,5.552323,2.92357,6.635623,6.326271,7.56397,8.844824,5.900947,9.845643,44.661018,38.762726,18.554216,43.619682,47.654324,36.514523,24.80916,29.008204,38.5,3.472656,810,5.351563,216
3268840,189,206,259,227,210,219,156,211,-45.3125,-44.1875,-47,-45.5625,-45.8125,-45.375,-46.5,-46.1875,11.875,10.1875,2.625,9.6875,7.9375,8.25,10.375,11.3125,30.5625,32.125,29.375,31.8125,26.75,30.6875,31.75,37.5625,16.4375,16.8125,10.625,14.625,10.1875,10.5625,14.9375,11.3125,44,43,50,45,47,47,46,46,189,206,259,227,210,219,156,211,0.809814,0.929932,0.840088,0.800049,0.810059,0.880127,0.77002,0.840088,0.75,0.659912,0.669922,0.719971,0.679932,0.639893,0.73999,0.659912,-11.75,-18.125,-34.0625,-14.1875,-3.125,-13.125,-26.6875,-25.3125,-28.846155,-29.207268,-40.180458,-28.025171,-30.115343,-34.902618,-34.8825,-31.12998,19.315331,20.266918,29.484549,18.835634,17.75811,22.360729,25.971199,23.876532,42.947926,47.678204,36.412331,46.787079,32.64336,40.074409,43.761982,40.078388,33.66214,29.469379,27.605175,28.494003,40.29866,28.120487,22.972391,24.487219,4.074603,2.585499,6.49795,5.883283,9.29987,9.444373,7.294431,11.557864,44.052502,34.367348,16.884176,40.549271,57.734573,42.399345,25.31949,24.704142,38.5,3.457031,811,5.324219,209
3270380,177,191,273,223,218,210,156,189,-42.5625,-42.625,-46.1875,-44.3125,-48.4375,-44.6875,-46.9375,-45.75,11.25,10.0625,3.3125,10,8.375,8.3125,9.8125,12.3125,30.875,31.875,29.625,27.8125,28.125,28.5,29.875,37.5625,17,17.875,10.4375,10.0625,13.1875,8.625,12,12.4375,42,44,49,45,46,47,46,46,177,191,273,223,218,210,156,189,0.849854,0.790039,0.859863,0.799805,0.819824,0.839844,0.790039,0.919922,0.780029,0.789795,0.679932,0.76001,0.719971,0.719971,0.789795,0.699951,-10.1875,-16.5,-32.25,-13.9375,-9.5625,-13.625,-29.3125,-22.9375,-25.60375,-28.4555,-38.342354,-27.247433,-36.710579,-34.083378,-36.490131,-30.008389,20.084234,21.645567,26.899015,17.8668,17.849363,21.927402,26.0154,23.85676,45.458691,48.207798,37.364052,45.733189,34.168678,40.091114,38.544483,42.03442,31.819075,27.322096,28.717445,30.377224,39.868004,28.558937,26.35096,24.843246,2.637997,2.824539,7.019484,6.022786,8.113956,9.422542,9.089153,9.265574,44.085106,34.949833,18.663406,40.265118,50.775509,41.485809,21.979734,27.381845,38.5,3.253906,812,5.011719,204
3271960,175,203,262,210,221,209,184,200,-43.6875,-47.4375,-46.5625,-45.5625,-49.125,-43.875,-49.625,-45.0625,8.1875,12,1.625,11,7.3125,8.3125,14.125,11.3125,31.125,31.875,29.375,31.8125,26.5,30.4375,32.25,38.3125,16.9375,17.1875,11.375,17,11.5625,9.4375,15.5625,12.125,46,45,50,46,48,48,47,47,175,203,262,210,221,209,184,200,0.880371,0.959961,0.780273,0.830322,0.820068,0.839844,0.810059,0.909912,0.689697,0.620117,0.699707,0.689697,0.659912,0.620117,0.689941,0.630127,-12.25,-17,-33.75,-13.6875,-9.375,-13.625,-26.9375,-23.6875,-25.29738,-30.414288,-40.826862,-25.265484,-39.056252,-33.237366,-33.972755,-30.354256,21.075422,17.848513,28.86808,17.446514,18.906668,21.703888,19.068081,24.739489,42.85384,48.147236,37.095894,47.656292,34.392937,39.706604,47.87376,42.551678,32.912926,30.12674,27.207161,29.563786,38.398567,27.661095,26.124863,24.859221,3.157814,3.877509,6.828869,5.333411,8.301832,10.928414,6.9333,7.849613,42.021721,38.376675,16.817062,41.195477,51.623375,40.569992,27.709923,25.637182,37.5,3.472656,813,5.492188,208
3273520,156,210,259,201,206,209,199,237,-44,-45.5625,-46.5625,-45.5625,-48,-44.25,-50.375,-46,12.25,10.25,1.6875,12.0625,7.625,8.3125,11.0625,11.375,30.5625,32.125,29.375,30.1875,25.4375,31.4375,29.875,37.5625,18.8125,17.1875,11.0625,13.4375,10.125,10.625,12.75,11.125,44,45,50,45,47,48,48,48,156,210,259,201,206,209,199,237,0.880127,0.880371,0.75,0.820068,0.809814,0.810059,0.790039,0.900146,0.699951,0.719727,0.75,0.699951,0.690186,0.689941,0.719971,0.649902,-10.1875,-16.5,-33.5,-13.5,-14.625,-13.875,-30.1875,-24.625,-26.60848,-29.174135,-40.501789,-25.709415,-37.064289,-32.574799,-35.833786,-30.529762,21.089067,19.651899,29.795126,17.089861,19.460192,21.501884,23.778576,22.61606,45.078392,48.183704,36.161285,46.424923,36.22443,41.616421,47.406796,44.815559,31.310249,28.516081,26.979345,30.310196,36.334793,27.511349,23.509605,24.825903,2.522291,3.64832,7.064249,6.175024,7.980586,9.370346,5.305022,7.742476,45.00832,37.409492,16.978067,41.304348,43.698853,40.132122,24.140509,25.579655,38,3.375,814,5.265625,209
3275060,175,209,243,219,210,225,164,190,-45.0625,-44.875,-44.9375,-45.5625,-46.0625,-45.5625,-49.875,-46.4375,16.625,9.25,2.5,10.4375,9.125,8.8125,11,11.6875,30.875,32.125,30.125,28.0625,25.6875,30.6875,32.25,37.3125,16.875,17.5625,11.9375,11.4375,10.6875,10,31.9375,11.9375,40,45,49,45,46,47,47,46,175,209,243,219,210,225,164,190,0.879883,0.859863,0.800049,0.820068,0.800049,0.840088,0.800049,0.890137,0.72998,0.72998,0.689941,0.709961,0.689941,0.679932,0.73999,0.659912,-11.34375,-17.1875,-30.75,-13.9375,-6.71875,-12.875,-29.75,-25.0625,-24.345274,-31.113556,-38.130974,-26.898848,-23.438814,-33.724556,-37.474125,-31.631927,15.527886,22.038593,29.963753,17.668116,16.992817,20.645792,26.834211,24.137705,44.270592,47.00581,37.290699,46.186501,35.357449,40.145424,47.522606,40.291615,36.065475,28.134718,26.079693,30.153814,41.373867,29.268513,20.239401,25.148891,4.136047,2.820879,6.665859,5.99157,6.27587,9.940269,5.403786,10.421789,44.40329,35.957794,18.838175,41.238792,53.032856,42.868851,24.505327,25.522387,38.5,3.398438,815,5.238281,204
3276660,144,203,255,220,214,208,158,196,-44.8125,-45.8125,-49.875,-46.625,-47.375,-45.5625,-48.9375,-46.4375,16.1875,10.0625,0.75,10.25,8.4375,8.9375,11.125,11.8125,30.5625,32.625,27.1875,31.8125,28.9375,27.375,31.75,38.5625,16.3125,18.0625,9.5625,17.0625,12.875,7.1875,29.6875,12.8125,42,47,52,47,48,49,48,48,144,203,255,220,214,208,158,196,0.869873,0.869873,0.823242,0.829834,0.809814,0.819824,0.790039,0.899902,0.72998,0.75,0.726563,0.72998,0.709961,0.699951,0.769775,0.679932,-12.5,-16.0625,-37.4375,-14.4375,-8.9375,-14.875,-29.75,-26.125,-26.4375,-30.567457,-44.666733,-26.853359,-28.196428,-34.551392,-36.533989,-31.769045,16.065527,20.731073,29.216629,17.996338,17.502035,21.390421,26.878584,23.686846,44.421078,48.623783,38.023571,47.120991,34.792553,40.391193,44.497601,41.530815,34.572475,28.73027,27.569412,30.067856,38.998024,28.685108,20.733021,25.729025,4.940918,1.914873,5.19039,4.814818,8.707384,9.533276,7.890793,9.053315,42.868988,37.928288,15.546875,41.035858,50.368546,39.853893,23.780016,23.897058,37.5,3.34375,816,5.351563,199
3278280,210,214,291,236,217,238,203,230,-46.625,-48.1875,-54.625,-49.875,-50.25,-48.75,-53.9375,-51.3125,12.5625,9.375,7.875,11.125,9.3125,8.875,10.4375,11.375,31.625,33.125,31.625,31.8125,29.25,30.9375,34,39.3125,15.4375,17.0625,10.5,15.75,11.875,10.1875,14.625,9.625,44,46,50,47,48,49,48,47,210,214,291,236,217,238,203,230,0.860107,0.909912,0.860107,0.840088,0.820068,0.870117,0.840088,0.950195,0.800049,0.790039,0.76001,0.76001,0.77002,0.73999,0.800049,0.72998,-11.75,-18.375,-14,-15.5625,-4,-13.875,-33.375,-30,-25.486938,-33.326809,-43.173134,-28.71372,-19.316616,-37.446754,-41.112572,-35.80793,15.84973,21.613293,19.82177,16.184153,15.259758,20.045485,23.298391,23.38133,42.882648,47.157337,38.050468,46.992554,30.173519,38.495247,42.834576,40.071583,36.250462,27.973598,33.451145,30.693605,44.558064,31.706179,24.156307,24.971678,5.017156,3.255769,8.676612,6.12969,10.008662,9.753086,9.710724,11.575409,44.250595,36.664104,47.101448,42.004593,58.176102,43.764706,23.383083,23.517242,37,3.40625,817,5.519531,229
3279960,191,205,281,230,215,255,188,193,-49.4375,-48.625,-51.5625,-50.4375,-50.0625,-49.875,-53.4375,-48.3125,9.875,10.1875,1.9375,10.1875,8.9375,8.875,9,13.0625,32.6875,31.875,31.125,31.3125,27.3125,32.375,34,39.3125,17.0625,16.875,10.875,15.625,10.875,11,15.6875,10,47,47,52,48,48,50,50,48,191,205,281,230,215,255,188,193,0.933105,0.890137,0.891846,0.859863,0.849854,0.869873,0.820068,0.949951,0.73999,0.769775,0.728027,0.73999,0.72998,0.709961,0.779785,0.689941,-12.25,-18.375,-16.03125,-14.625,-10.875,-14.625,-34.6875,-25.625,-30.136742,-31.8225,-45.183895,-29.023947,-27.023819,-37.342075,-41.758366,-32.922184,18.460371,19.624653,25.224812,16.480198,15.511497,20.575483,29.49198,21.243252,40.846214,47.311115,38.179718,45.662483,34.622013,42.244503,41.954727,40.339085,36.765423,29.35869,29.577021,31.296453,40.214897,28.349409,20.623301,27.004019,3.927994,3.705545,7.018457,6.56087,9.651594,8.830609,7.929994,11.413648,45.281582,37.577641,42.97052,43.807339,50.280674,42.857143,21.443888,25.891584,35.5,3.566406,818,5.996094,219
3281620,162,193,259,242,224,209,133,197,-46.625,-46.75,-49.5,-49.3125,-50.0625,-48.25,-53.1875,-49.5625,18.1875,10.125,2.0625,10.3125,8.9375,9.25,16.3125,12.5625,31.125,31.375,30.625,32.5625,30.25,30.6875,32,39.8125,14.4375,16.4375,11.125,15.5,12.0625,10.125,15.625,11.5625,42,47,51,47,49,49,48,48,162,193,259,242,224,209,133,197,0.889893,0.906006,0.919922,0.839844,0.860352,0.879883,0.859863,0.940186,0.77002,0.743896,0.699951,0.780029,0.729736,0.73999,0.76001,0.719727,-11.3125,-16.5,-13.6875,-14.875,-2.875,-17.125,-30.4375,-28.9375,-25.125961,-32.115036,-43.141071,-28.02846,-42.300003,-36.381004,-36.21978,-34.228756,16.93812,21.541748,25.755783,16.543037,16.404976,20.569124,16.959007,23.068659,42.601761,47.697079,39.55191,46.899876,31.519001,40.436131,46.818989,40.197182,34.593578,28.504625,28.189102,30.435341,42.314579,28.478167,27.812901,25.645552,5.866537,2.256549,6.503201,6.12175,9.761443,10.51658,8.409101,11.088607,44.948288,38.110237,44.675926,42.061069,58.75486,39.429932,26.243692,23.076923,36,3.492188,819,5.796875,202
3283260,198,213,265,209,208,204,155,198,-49.875,-48.375,-49.6875,-48.1875,-49.125,-46.875,-51.5,-48.3125,8.625,9.9375,1.5,13.1875,8.6875,9.5,11.875,11.8125,31.9375,33.6875,27.1875,32.3125,30.5,32.125,30.6875,39.5625,15.25,19.125,8.0625,16.6875,13.1875,12.3125,13.3125,12.375,48,47,52,46,48,49,49,48,198,213,265,209,208,204,155,198,0.919922,0.890137,0.830078,0.850098,0.850098,0.840088,0.840088,0.930176,0.760254,0.77002,0.77002,0.75,0.72998,0.719971,0.77002,0.709961,-12.5,-19.1875,-14,-13.6875,-4.625,-14.375,-30,-27.75,-29.009092,-32.509884,-43.40514,-26.705549,-23.167858,-34.754124,-38.282902,-33.629166,18.8465,21.339931,25.499874,15.556206,16.112944,20.861364,24.807554,24.461096,42.430954,48.338512,38.520607,47.838161,33.203335,41.309086,44.936455,40.390347,33.14492,28.411415,28.761095,30.609217,41.543442,28.504574,22.452389,24.942217,5.577627,1.910138,7.218426,5.996419,9.14028,9.32498,7.803604,10.206344,45.683727,35.567402,44.024673,42.857143,56.02504,41.13924,25.59524,23.399715,36.5,3.449219,820,5.660156,206
3284880,167,212,255,246,201,220,207,191,-46.875,-48.1875,-50.125,-49.875,-48.875,-49.875,-52.6875,-48.0625,14.875,10.9375,4.0625,10.1875,10,9.125,10.25,12.25,31.375,32.375,30.625,29.9375,28.375,30.4375,31.1875,39.5625,17.25,16.6875,10.75,12,11.8125,10,14.1875,10.875,43,47,50,47,47,49,48,47,167,212,255,246,201,220,207,191,0.880127,0.800049,0.889893,0.839844,0.920166,0.909912,0.809814,0.939941,0.759766,0.819824,0.699951,0.76001,0.639893,0.699951,0.790039,0.699951,-12.75,-16.0625,-35.625,-14.4375,-7.84375,-16.125,-33.125,-26.875,-27.313793,-31.677921,-41.94035,-28.156693,-26.169447,-37.14719,-39.758934,-32.895313,16.89448,19.077311,25.434256,16.019718,15.337721,19.681391,26.357904,22.758869,44.035606,46.896954,38.569839,45.446198,33.76907,40.983765,44.797588,39.535961,35.540768,29.89192,28.473625,31.925028,41.501099,29.112488,21.753582,26.307274,3.529148,4.133816,7.522286,6.609059,9.392107,10.222361,7.090925,11.397894,43.610226,39.752514,17.956656,43.11787,53.416401,42.023346,22.437277,24.179743,37,3.4375,821,5.574219,212
3286560,171,209,273,210,255,195,204,191,-50.625,-48.375,-49.6875,-48.1875,-52.4375,-49,-52.6875,-48.8125,11.875,10.75,2,11.375,5.5,12.3125,12.4375,13.375,30.0625,33.6875,30.875,32.3125,30.25,27.625,30.9375,39.5625,16.875,18.1875,11.3125,17.4375,14.25,7.4375,13.5,11.8125,46,48,53,48,50,50,50,49,171,209,273,210,255,195,204,191,0.860352,0.900146,0.840088,0.820313,0.859863,0.890137,0.810059,0.870117,0.779785,0.76001,0.73999,0.779785,0.740234,0.679932,0.77002,0.709961,-16.75,-17,-37.1875,-13.9375,-14.625,-15.125,-30.6875,-25.0625,-31.661085,-31.555626,-43.549934,-26.969486,-31.99707,-32.882248,-36.721516,-32.759457,19.296576,19.585438,26.685083,17.436253,18.551445,18.097744,20.145592,21.655664,42.518768,48.017311,36.402721,47.97591,38.11348,42.854599,45.789646,40.697292,32.431705,29.640303,29.391151,29.190107,35.896854,30.535728,22.819948,25.270357,5.752956,2.75695,7.521048,5.397729,7.438218,8.511927,11.244816,12.376684,41.564415,38.233055,15.515904,42.546585,45.729401,41.500767,25.825384,26.592022,35.5,3.617188,822,6.078125,213
3288180,210,206,250,219,226,214,199,188,-46.625,-47.25,-50.125,-48.1875,-48.25,-47.5625,-52.25,-48.0625,10.125,10.3125,2.75,10.375,8.3125,8.8125,11.3125,11.9375,32.6875,31.625,30.375,31.125,29.75,30.6875,33.75,39.8125,15.5625,15.4375,11.4375,14.875,13.625,9.6875,16.25,11,46,47,51,47,48,50,50,48,210,206,250,219,226,214,199,188,0.879883,0.849854,0.900146,0.8396,0.819824,0.879883,0.810059,0.929932,0.830078,0.830078,0.76001,0.820313,0.810059,0.77002,0.849854,0.77002,-12,-17,-14,-15.8125,-6.5625,-15.875,-31.5625,-27.75,-27.223515,-30.928032,-42.912498,-28.77527,-24.634319,-36.23037,-38.213589,-33.26926,18.109949,18.690468,26.084972,17.550444,16.605642,21.012981,23.750002,23.990273,43.151779,45.038742,39.056732,46.675098,35.3055,39.950272,45.009758,39.268776,34.536709,30.617029,28.726753,29.888355,41.155277,28.486174,22.772171,25.674046,4.201561,5.65376,6.131546,5.886103,6.933583,10.550576,8.468066,11.066902,43.656425,38.351822,44.864864,40.819542,53.445511,40.495209,24.055233,23.115221,37,3.40625,823,5.519531,214
3289800,200,217,253,216,240,213,167,191,-45.625,-47.4375,-47.8125,-47.125,-51.8125,-45.5625,-48.9375,-46.4375,8.9375,10.625,3.5,10.25,6,8.9375,10.0625,12.3125,32.6875,31.625,30.375,31.3125,28.125,31.4375,30.125,38.3125,14.3125,14.75,11.375,15.6875,13.625,10.5,12.375,10.25,46,47,50,47,49,49,48,48,200,217,253,216,240,213,167,191,0.876709,0.840088,0.800049,0.830078,0.840088,0.840088,0.810059,0.900146,0.75,0.76001,0.76001,0.76001,0.719971,0.719971,0.77002,0.709961,-10.1875,-17,-34.8125,-11.3125,-13.5,-14.875,-30.1875,-23.875,-25.369473,-31.262121,-40.442162,-25.596153,-41.189247,-33.658539,-35.970448,-31.351353,18.629829,18.256071,27.68622,17.030476,19.100822,21.337332,27.827177,21.997768,42.30151,45.337601,35.58778,46.557587,36.019951,41.587906,44.696594,41.337547,33.74403,30.337025,29.656786,31.342358,36.529205,28.304106,20.294346,25.876873,5.324634,6.069307,7.069211,5.069579,8.350022,8.770656,7.181886,10.787809,45.251396,38.376675,16.626699,45.657368,47.928066,39.853893,22.883295,26.622417,37,3.492188,824,5.660156,212
3291380,224,205,265,194,220,201,175,203,-46.125,-44.625,-48.875,-45.5625,-49.375,-45.375,-52.6875,-47.375,8.5625,9.875,2.0625,11.625,7.75,9.4375,15.8125,11.625,32.4375,32.375,30.375,27.8125,28.9375,31.875,33,39.0625,14.8125,15.9375,11.3125,12.75,12.625,11,16.1875,10.4375,45,45,50,44,48,48,48,47,224,205,265,194,220,201,175,203,0.859863,0.919922,0.879883,0.819824,0.819824,0.859863,0.819824,0.909912,0.75,0.689941,0.669922,0.76001,0.72998,0.689941,0.72998,0.699951,-13.5625,-15.3125,-36.375,-14.1875,-5.4375,-14.125,-29.3125,-26.375,-27.317766,-29.792334,-42.295029,-26.174736,-43.66478,-33.551785,-35.133663,-32.622498,19.131559,19.879112,27.237621,17.398329,16.982855,21.248997,16.535246,24.101587,43.798668,46.063953,36.20961,47.051456,32.010952,40.880394,50.513561,39.468746,32.023319,29.971392,28.942781,30.195341,42.820606,28.588032,24.328764,24.410067,5.046452,4.085547,7.60999,5.354874,8.185588,9.282574,8.622428,12.019598,41.316418,38.268608,15.77287,40.912796,56.105347,40.453072,27.121103,24.295012,37.5,3.421875,825,5.40625,210
3293000,189,213,268,196,229,219,174,198,-45.625,-46.0625,-48.875,-45.8125,-50.25,-45.8125,-51.0625,-48.0625,11.625,10.5625,2.4375,11.375,7.75,8.75,9.3125,12.875,31.625,32.625,28.8125,29.6875,29.75,32.375,33.25,39.0625,15.5,16.375,9.625,14.3125,12.9375,10.75,34.4375,11.8125,44,46,50,45,47,49,49,47,189,213,268,196,229,219,174,198,0.859863,0.870117,0.820068,0.829834,0.840088,0.850098,0.830078,0.930176,0.760254,0.72998,0.72998,0.750244,0.72998,0.679932,0.77002,0.689941,-10.8125,-14.8125,-35.875,-11.5625,-11.9375,-13.375,-34.1875,-26.375,-26.600002,-30.428501,-42.32737,-25.697483,-32.811367,-34.357925,-39.121025,-32.229759,17.514307,19.014866,26.510963,17.463072,17.760324,21.303473,34.859554,21.52809,41.10136,46.491928,36.814259,46.94389,36.102108,40.41468,43.164001,41.917446,36.800426,30.746859,30.055204,30.264133,38.613636,29.558954,17.146667,26.963448,4.583904,3.746342,6.619572,5.328907,7.523934,8.722893,4.829782,9.591016,45.064724,39.714058,16.455696,44.122383,47.890625,41.486813,20.014826,24.892395,37,3.558594,826,5.769531,210
3294600,191,210,269,204,218,204,170,194,-45.875,-47,-49.875,-45.8125,-50.5,-45.375,-49.4375,-46.4375,9.5625,10.6875,1.625,12.6875,8.375,8.9375,8.375,12.625,31.9375,32.375,29.375,32.3125,28.375,31.625,33.25,39.3125,15.5,17.0625,10.8125,17.9375,12.5625,10.8125,16.5625,11.75,45,45,50,45,47,49,48,46,191,210,269,204,218,204,170,194,0.860352,0.909912,0.800293,0.810059,0.820068,0.860107,0.799805,0.899902,0.759521,0.679932,0.749756,0.72998,0.719971,0.679932,0.76001,0.679932,-12.75,-14.3125,-37.9375,-11.125,-13.1875,-13.09375,-30.6875,-23.6875,-29.205999,-30.487663,-44.509628,-24.161934,-32.211372,-34.773216,-38.139305,-30.864162,19.528316,18.396479,26.986799,16.558294,17.113295,22.345587,32.043922,21.034355,41.590244,46.543167,37.958393,47.398296,35.11668,39.950706,41.986118,41.07235,34.007767,31.777018,28.936249,30.924013,37.715874,28.626299,20.370138,27.032736,4.87367,3.283339,6.118562,5.119394,10.054158,9.07741,5.599821,10.860555,42.570282,41.36578,14.921875,44.400002,47.305862,41.923702,22.675735,26.530611,37.5,3.394531,827,5.433594,207
3296200,179,204,268,200,234,225,156,198,-46.125,-46.75,-48.4375,-47.375,-49.625,-44.9375,-51.3125,-47.375,13.75,11,1.5625,11.5,7.5625,7.625,13.8125,12.25,32.6875,32.125,29.625,31.3125,30,32.375,32.5,38.5625,16.75,16.8125,11.0625,16.0625,12.1875,10.6875,16.875,11.5,42,45,50,45,47,49,47,46,179,204,268,200,234,225,156,198,0.880127,0.880127,0.830078,0.820068,0.830078,0.810059,0.800049,0.919922,0.780029,0.76001,0.72998,0.77002,0.73999,0.72998,0.76001,0.700195,-13.25,-16.75,-36.375,-14.625,-12.4375,-27.75,-26.4375,-24.8125,-26.348633,-30.380825,-43.061398,-26.956944,-36.651783,-34.957237,-36.198235,-31.324673,18.629147,18.698679,28.459644,17.327703,17.983362,23.139378,21.208763,21.746979,44.844513,46.746212,36.267208,47.594189,35.217712,38.107071,49.570675,42.075321,32.052101,30.188974,28.318426,29.387478,38.255615,29.743914,21.883675,26.201916,4.474239,4.366134,6.954716,5.690629,8.543305,9.009638,7.336888,9.97578,41.712925,38.034866,15.305313,41.620335,46.703297,22.231205,29.503336,26.254547,37.5,3.359375,828,5.378906,208
3297800,195,218,257,201,211,203,147,203,-47.1875,-46.0625,-47.8125,-46.625,-48,-46,-51.75,-47.8125,7.25,9.5625,2.0625,10.8125,8.875,8.625,13.5625,12,31.9375,32.375,29.125,31.8125,30.5,31.625,33.25,38.8125,18.8125,16.5,10.375,17.375,13.5,11.125,16.375,12.625,47,46,50,46,47,48,47,47,195,218,257,201,211,203,147,203,0.859863,0.879883,0.800049,0.820068,0.820068,0.850098,0.810059,0.930176,0.76001,0.73999,0.73999,0.73999,0.709961,0.689941,0.75,0.669922,-12.25,-16.0625,-33.75,-12.75,0.25,-12.875,-31.5625,-25.0625,-30.550694,-30.915241,-41.999634,-26.306944,-24.522436,-34.948845,-37.300747,-32.534241,22.169752,20.507572,27.95747,18.272982,16.971088,22.245735,23.624523,22.73674,44.546406,46.100803,36.50581,48.16927,34.2253,40.618885,41.814663,42.203987,30.547121,29.80822,28.831554,28.704012,41.444748,28.305153,23.651978,25.534815,2.736723,3.583403,6.705171,4.853734,7.358866,8.830229,10.908832,9.524457,44.154816,38.247013,18.043304,43.187252,61.464966,42.673107,23.75,26.262627,37.5,3.519531,829,5.632813,204
3299400,188,214,266,217,226,199,176,200,-47.4375,-46.75,-49.0625,-47.125,-49.375,-45.8125,-49.1875,-46.9375,7.875,11.0625,1.8125,11.875,8.25,8.75,7.9375,12.25,31.9375,32.125,30.125,32.5625,30,30.9375,31.5,38.5625,19.5,15.1875,11.5625,17.0625,12.3125,10.875,15.75,11.375,46,46,50,46,47,48,48,47,188,214,266,217,226,199,176,200,0.889893,0.849854,0.839844,0.829834,0.829834,0.849854,0.789795,0.909912,0.75,0.72998,0.699951,0.709961,0.709961,0.689941,0.75,0.669922,-15.6875,-16.0625,-35.875,-13.6875,-11.125,-12.625,-31.8125,-25.3125,-30.063637,-30.078526,-43.387074,-25.505337,-29.241447,-35.096283,-38.229851,-31.602777,22.151548,18.16153,27.816032,16.370157,16.701296,21.892746,31.795076,22.458374,47.017387,45.934669,36.395748,47.208576,35.158417,39.834183,42.44875,40.457706,27.548679,31.233952,29.019855,30.65143,39.383324,28.833862,18.720421,26.345661,3.282382,4.669849,6.768364,5.769835,8.756966,9.43921,7.035752,10.738255,40,38.783569,16.653513,41.960785,48.188976,43.241043,21.140684,25.292397,37.5,3.5,830,5.601563,210
3300980,191,209,253,222,217,210,178,198,-46.125,-46.75,-48.875,-47.375,-49.625,-45.5625,-50.375,-47.375,8.5,10.0625,2.4375,11,7.8125,8.9375,9.375,12.25,31.9375,31.875,31.125,32.3125,30,32.125,32,38.8125,18.6875,15.5,12.3125,16.125,12.6875,10.6875,15.75,12.75,46,46,50,46,48,49,49,48,191,209,253,222,217,210,178,198,0.870117,0.859863,0.76001,0.829834,0.830078,0.800049,0.810059,0.909912,0.77002,0.740234,0.780029,0.740234,0.719971,0.719971,0.75,0.670166,-14.0625,-17.4375,-34.5625,-13.9375,-10.0625,-14.375,-31.65625,-26.125,-29.561186,-31.123055,-42.195713,-26.785463,-35.945538,-34.492691,-37.797176,-32.021252,21.978737,19.588631,27.929798,16.940603,17.93996,21.383896,28.492052,22.223747,47.300709,45.443459,36.280624,46.966351,34.716934,39.761566,44.11116,41.971653,28.337139,30.317968,28.959995,30.810526,38.580257,28.676727,22.005575,26.413223,2.383412,4.649941,6.829581,5.282523,8.762846,10.177813,5.391214,9.391381,41.072857,37.281399,17.890625,41.960785,49.686031,40.14481,22.451275,24.655548,37.5,3.5625,831,5.632813,209
3302560,215,227,261,202,233,208,170,195,-45.3125,-47.25,-48.25,-47.375,-48.4375,-46.25,-49.625,-46.1875,7,9.875,1.1875,12.125,7.75,10.3125,11.875,11.1875,32.1875,31.875,30.125,31.5625,30,31.1875,32.25,37.8125,17.375,14.9375,10.5,16.6875,13,10.5625,16.5625,11.4375,46,45,49,44,47,46,46,46,215,227,261,202,233,208,170,195,0.859619,0.919922,0.84668,0.820068,0.810059,0.830078,0.77002,0.890381,0.760254,0.679932,0.713379,0.76001,0.719971,0.719971,0.77002,0.699707,-9.9375,-19.0625,-35.875,-13.5,-5.4375,-13.375,-27.625,-25.0625,-25.563057,-31.999084,-42.898865,-26.566406,-21.337894,-32.804066,-35.849483,-31.777046,20.123636,19.387714,27.895985,16.789965,16.502651,19.742281,22.931953,24.690052,42.336235,45.53384,36.831112,47.259712,33.31031,41.88184,46.99073,41.076603,34.768227,29.558771,27.950346,30.134058,42.620811,29.142874,21.283749,24.840071,2.771904,5.519672,7.322564,5.816267,7.566226,9.233008,8.793564,9.393274,45.645161,35.663788,15.739268,42.913696,54.820717,42.453594,26.788431,25.148809,37.5,3.492188,832,5.519531,213
3304180,159,191,264,206,218,261,182,190,-46.375,-45.0625,-47.4375,-45.3125,-48.6875,-45.5625,-49.625,-46.1875,13.0625,11.0625,1.875,12.1875,7.8125,8.375,8.25,12.6875,30.3125,32.625,29.125,32.3125,29.5,33.625,30.6875,38.8125,16.25,17.6875,10.0625,17.0625,12.875,10.9375,14.6875,13.625,43,46,50,46,48,51,51,49,159,191,264,206,218,261,182,190,0.834961,0.919922,0.793213,0.799805,0.819824,0.799805,0.814941,0.890137,0.764893,0.669922,0.756592,0.75,0.72998,0.709961,0.734863,0.689697,-14.875,-15.3125,-34.0625,-13.25,-13.75,-13.125,-31.5625,-24.125,-29.366478,-28.497501,-41.420704,-24.099457,-34.417648,-33.188187,-38.228474,-30.770231,20.846395,18.206095,28.136169,16.601267,18.336094,20.618437,31.486929,22.116964,43.27037,47.462933,36.851189,47.43784,36.879234,40.80378,41.5583,42.584747,31.461752,31.502481,28.880962,31.072176,37.059242,30.127865,18.559486,27.091869,4.42148,2.828486,6.131679,4.888716,7.725431,8.449918,8.395291,8.206423,40.645161,38.689049,17.07901,41.304348,44.684254,40.962906,21.927162,25.955883,37,3.542969,833,5.742188,208
3305720,201,229,252,215,220,229,171,210,-45.0625,-47.9375,-46.5625,-47.375,-47.8125,-47.8125,-50.8125,-46.9375,8.375,9.1875,1.1875,11.6875,8.3125,9.5625,13.5625,10.8125,31.125,32.125,29.375,31.3125,29.75,31.1875,32.25,38.0625,16.75,16.0625,10.25,15.375,14.375,9.3125,16.25,11.25,45,45,49,45,47,47,46,46,201,229,252,215,220,229,171,210,0.840088,0.870117,0.899902,0.810059,0.800049,0.899902,0.800049,0.900146,0.73999,0.76001,0.670166,0.72998,0.72998,0.650146,0.75,0.689941,-12.03125,-18.125,-34.3125,-14.4375,-6.5625,-15.875,-28.3125,-25.875,-27.419231,-32.593056,-41.273346,-27.045689,-20.946875,-35.426685,-35.746788,-32.262432,20.231617,20.454144,28.409445,16.747084,16.527987,19.957054,21.042145,24.768091,44.046612,45.627003,37.693005,47.335606,34.870113,40.312351,49.382694,40.210743,32.352676,29.132595,27.068039,30.222916,42.837055,29.127625,23.281532,25.439596,3.369101,4.78626,6.829511,5.694398,5.764851,10.60297,6.293623,9.581567,43.355209,37.236534,16.720516,41.858616,53.182919,40.427216,27.088037,24.779411,38.5,3.5625,834,5.488281,215
3307280,210,205,255,208,219,229,151,197,-47.6875,-45.3125,-48.25,-45.5625,-47.125,-45.375,-50.125,-46.1875,7.125,10.3125,2.125,10.5625,8.5625,8.8125,13.25,11.8125,31.625,32.375,29.375,29,25.4375,30.6875,31.75,38.3125,16.5,16.6875,10.8125,14.5625,10.125,10.3125,31.375,11.8125,45,44,48,45,45,47,46,46,210,205,255,208,219,229,151,197,0.849854,0.860107,0.860107,0.780029,0.780029,0.810059,0.790039,0.900146,0.75,0.719971,0.639893,0.719971,0.709961,0.679932,0.72998,0.659912,-14.875,-15.5625,-34.3125,-13,-8.6875,-12.59375,-27.8125,-25.3125,-31.011875,-29.221695,-41.983509,-26.838364,-31.373915,-34.459824,-35.047554,-31.369278,21.342945,19.640154,27.710846,18.130861,17.486877,21.309372,23.036802,23.312885,44.392666,46.47736,36.84166,46.519234,36.660828,40.215317,48.755161,41.39188,29.959415,30.574768,27.376333,29.679447,39.083664,29.35704,22.506527,26.447859,4.304969,3.307715,8.07116,5.670453,6.768631,9.118271,5.701514,8.847379,41.371159,38.294449,17.726549,42.600163,51.079731,43.097782,27.086493,24.704142,38,3.535156,835,5.519531,209
3308880,184,224,317,267,277,240,194,253,-45.625,-48.375,-49.6875,-47.9375,-48.875,-46.4375,-55.125,-46.6875,8.5,9.5625,1.0625,8.5,6.8125,7.875,14.6875,11.6875,30.875,30.375,28.8125,32.5625,28.9375,31.875,30.4375,39.0625,16.625,14,7.125,13.25,12.3125,10.1875,12.875,10.875,46,46,51,48,49,50,49,48,184,224,317,267,277,240,194,253,0.839844,0.889893,0.820068,0.810059,0.800049,0.820068,0.829834,0.879883,0.719971,0.72998,0.679932,0.709961,0.689941,0.679932,0.699951,0.669922,-12.5,-19.4375,-37.4375,-13.25,-11.375,-14.875,-30.1875,-24.375,-27.776787,-32.080681,-43.920471,-27.141756,-28.453457,-34.719311,-36.872131,-31.303923,21.114843,19.792673,25.677046,17.302002,17.149446,21.454456,15.999186,22.752106,43.501858,46.056023,35.235359,45.486732,37.354527,41.713894,50.795628,43.856739,31.948942,29.472414,29.757891,29.932829,38.394905,27.634478,25.309204,25.203535,3.43436,4.678891,9.329707,7.278433,7.101121,9.197172,7.895978,8.187622,43.159611,35.835915,15.307692,43.090065,48.192772,40.303272,28.540771,26.020409,37.5,3.730469,836,5.96875,244
3310420,179,225,307,255,252,203,221,204,-45.875,-48.1875,-51.125,-47.375,-48.6875,-46,-53.1875,-46.1875,9.375,9.875,1.125,10.125,7.4375,8.9375,14.4375,11.25,30.875,32.625,31.125,33.5625,28.6875,32.125,30.9375,39.0625,16.6875,17.0625,11.5,15,11.625,11.8125,13.6875,15.75,44,45,50,46,47,48,47,48,179,225,307,255,252,203,221,204,0.809814,0.850098,0.819824,0.820068,0.789795,0.809814,0.800049,0.893066,0.760254,0.76001,0.730225,0.72998,0.710205,0.690186,0.72998,0.670166,-13.5625,-19.8125,-39.25,-14.625,-7.0625,-15.125,-28.5625,-24.25,-28.06827,-30.843578,-45.512253,-26.656982,-26.523369,-34.521805,-36.204674,-30.989162,21.114931,20.072006,26.901665,17.138062,16.916449,22.295908,16.291767,25.475836,44.771461,47.752834,38.015118,47.496899,34.336494,41.981621,47.984348,43.606041,30.305979,28.663269,28.794075,30.090889,40.377548,27.386131,28.200785,25.386295,3.80763,3.511893,6.289145,5.274154,8.369511,8.336339,7.523098,5.531827,42.100979,35.112144,14.437691,40.463318,53.796448,39.52,28.822237,25.733137,38.5,3.726563,837,5.742188,230
3311960,192,197,274,226,230,217,205,199,-45.875,-46.3125,-48.875,-46.875,-47.375,-47.125,-49.875,-47.125,8.25,10.8125,1.625,11,8.8125,10.3125,9.4375,11.9375,31.125,30.875,28.5625,31.3125,26.25,31.1875,32.25,38.5625,15.8125,16.625,10.0625,14.5625,8.3125,10.8125,16.9375,11.9375,44,43,49,45,46,46,47,47,192,197,274,226,230,217,205,199,0.870117,0.830078,0.82666,0.810059,0.780029,0.830078,0.780029,0.899902,0.706787,0.736816,0.680176,0.716797,0.686768,0.696777,0.746826,0.646973,-15.1875,-17.4375,-15.4375,-14.625,-3.375,-16.375,-31.125,-25.875,-29.721874,-30.459778,-42.534428,-27.6525,-22.186178,-33.9618,-37.192574,-31.616425,21.219769,19.794662,25.867743,17.035049,15.723957,19.586626,28.229008,24.566719,44.475262,46.840099,37.859802,46.659817,31.918392,41.689701,45.829464,39.217819,29.634949,30.003094,27.535681,29.996439,40.745384,29.562946,21.467199,26.406839,4.670019,3.362147,8.736772,6.308693,11.612267,9.160728,4.474327,9.808627,39.853893,37.16814,42.731632,41.247002,57.847168,39.265762,22.831049,24.799417,38.5,3.761719,838,5.796875,217
3313500,171,218,280,244,242,210,210,206,-46.125,-46.0625,-48.625,-47.375,-47.8125,-44.25,-49.4375,-45.75,8.1875,10.4375,1.125,9.9375,8.3125,9.375,8.25,12,30.5625,31.625,29.625,31.5625,28.9375,30.9375,31.5,38.5625,16.9375,16.4375,10.5625,13.625,11.625,10.1875,16.625,12.875,44,44,49,46,47,47,48,47,171,218,280,244,242,210,210,206,0.813232,0.820313,0.860107,0.810059,0.780029,0.810059,0.780029,0.890137,0.76001,0.719727,0.639893,0.699951,0.699951,0.679932,0.73999,0.659912,-18.375,-18.125,-35.625,-14.875,-7.0625,-11.8125,-31.5625,-24.125,-31.838415,-29.780434,-42.120964,-26.835001,-28.121254,-32.804184,-37.620697,-30.543911,22.64934,19.186897,28.493467,17.222326,16.620522,21.227173,30.778261,23.282166,42.827232,46.442299,36.599857,45.835094,34.88982,40.038635,44.446362,42.6758,29.816788,29.604727,27.612764,31.036079,39.528645,29.093132,21.476227,26.711502,4.706635,4.766077,7.293908,5.906497,8.961015,9.64106,3.299155,7.330532,36.185818,35.846031,16.719242,41.171814,53.094463,43.142147,21.949348,25.64863,38.5,3.746094,839,5.773438,222
3315020,189,222,284,218,256,209,193,209,-45.3125,-46.3125,-47.25,-44.3125,-49.625,-43.6875,-48.4375,-43.8125,5.875,10.6875,2.375,10.6875,5.4375,8.25,8.1875,12.375,30.3125,32.125,28.5625,31.5625,28.9375,31.4375,32.25,38.8125,16.9375,16.3125,10,16.3125,14,11.3125,16.1875,12.9375,45,44,48,44,46,47,47,46,189,222,284,218,256,209,193,209,0.840088,0.800049,0.840088,0.759766,0.800049,0.790283,0.76001,0.890137,0.689941,0.72998,0.629883,0.710205,0.689941,0.669678,0.719971,0.639893,-14.21875,-14.3125,-33.25,-12.3125,-15.8125,-13.625,-30,-22.0625,-33.888672,-29.380148,-39.91172,-23.551991,-39.36161,-33.411251,-36.490211,-28.969406,23.922077,18.348446,28.44533,17.842604,20.184914,23.379847,32.082657,22.767609,43.381081,46.944916,36.085823,45.490822,37.991268,40.807053,42.921406,44.312225,29.046293,30.991533,28.828007,31.571098,35.386295,27.676722,19.915047,25.985796,3.650551,3.715103,6.64084,5.095475,6.437526,8.136377,5.080895,6.934372,40.980232,40.796814,18.350849,42.174629,43.038982,40.01664,22.850504,26.323751,39,3.8125,840,5.796875,222
3316540,227,208,287,245,226,226,191,204,-44.25,-44.1875,-48.875,-45.8125,-46.0625,-43.6875,-49.625,-46,6.5,11.3125,2.75,9.375,9.0625,8.0625,10.5,11.75,31.625,29.125,29.625,26.25,29.75,30.9375,30.6875,38.0625,16.875,13.9375,11.0625,7.5625,12.875,9.625,16.5,11.0625,44,42,49,45,45,47,47,46,227,208,287,245,226,226,191,204,0.820068,0.959961,0.840088,0.789795,0.759766,0.780029,0.76001,0.870117,0.699951,0.579834,0.619873,0.680176,0.680176,0.659912,0.709961,0.629883,-13.25,-16.5,-34.0625,-13.9375,-7.25,-27.25,-28.8125,-24.625,-27.400667,-26.990826,-40.289719,-28.240891,-22.979591,-33.237423,-35.851788,-30.706961,21.382942,15.467837,28.500248,17.934986,16.724493,23.451277,27.758875,23.280167,45.491325,47.102531,36.628029,45.594135,35.442467,38.643452,49.87524,40.138309,29.701593,32.736076,28.299656,30.002033,40.756615,28.343138,19.5502,26.188637,3.424136,4.693555,6.572065,6.468847,7.076427,9.562132,2.815687,10.392891,40.85667,38.146023,18.809525,41.429729,51.195381,22.026802,25.265554,25.427509,39,3.648438,841,5.546875,226
3318040,147,220,300,231,239,210,200,199,-43.125,-44.625,-48.625,-44.5625,-47.8125,-43.6875,-47.6875,-44.8125,14.0625,10.6875,1.25,10.1875,6.9375,8.6875,9.875,12.1875,29.5,32.875,29.875,31.5625,28.375,31.625,31.1875,38.8125,17,16.4375,11.125,14.875,12.625,11.1875,15,12.25,39,43,48,43,45,45,45,45,147,220,300,231,239,210,200,199,0.810059,0.809814,0.77002,0.760254,0.780029,0.789795,0.76001,0.870117,0.709961,0.72998,0.709961,0.719727,0.699951,0.680176,0.72998,0.639893,-12.8125,-14.3125,-34.5625,-10.875,-10.0625,-13.875,-27.8125,-21.8125,-27.820936,-27.384239,-42.304337,-24.24497,-36.867401,-32.890987,-34.102413,-29.769032,22.653851,18.928455,27.464836,17.30759,19.138548,22.602673,26.043325,22.850933,42.560699,47.522842,35.877373,44.963043,35.474827,41.593994,46.948334,43.407589,30.734449,30.417398,28.75194,31.172871,37.60675,27.720488,21.975803,25.095282,4.051005,3.131299,7.905851,6.556493,7.779872,8.082848,5.032533,8.646198,41.73838,39.112904,17.914013,44.252872,49.548809,39.585064,25.198099,27.503738,40,3.640625,842,5.464844,218
3319580,188,220,279,243,235,220,160,201,-44,-45.5625,-47,-45.5625,-46.25,-44.6875,-49.625,-45.25,12.5,10.4375,0.625,12.125,8.25,9.375,14.8125,11.8125,31.125,32.375,29.375,33.0625,28.9375,31.1875,32.25,39.0625,15.625,15.5,11.3125,15.5625,13.125,10.0625,17.75,13.0625,43,43,49,44,46,46,46,46,188,220,279,243,235,220,160,201,0.790039,0.853271,0.850098,0.76001,0.800049,0.810059,0.790039,0.879883,0.72998,0.716553,0.659912,0.72998,0.679932,0.689941,0.709961,0.649902,-9.3125,-17.4375,-35.3125,-12.0625,-6.5625,-13.125,-26.9375,-24.125,-27.538124,-28.818821,-41.657051,-24.223272,-31.381008,-32.876106,-32.886826,-30.067295,18.083956,19.430143,29.853889,16.092295,18.202696,21.226048,19.056532,24.618879,40.966415,46.261375,36.35083,47.379658,35.216187,40.944324,51.031567,40.831135,36.714283,30.031178,27.906666,31.180292,39.940014,28.322815,25.891457,25.471607,4.23535,4.277307,5.888616,5.347759,6.641099,9.506813,4.02045,9.078383,46.019901,36.086609,15.785192,42.607315,52.784706,41.598022,27.709923,25.055595,38.5,3.710938,843,5.714844,218
3321100,158,215,294,237,246,233,198,208,-44,-44.4375,-47.8125,-46.375,-48,-44.5,-46.6875,-45.0625,8.8125,11.3125,2.0625,9.5,6.75,8.1875,7.6875,12.25,30.875,31.625,29.125,31.3125,27.3125,31.1875,30.9375,38.0625,18.4375,14.9375,10.3125,13.5625,11.625,9.75,13.3125,11.5,43,43,49,45,46,47,46,46,158,215,294,237,246,233,198,208,0.819824,0.81958,0.796631,0.780029,0.76001,0.790283,0.789795,0.879883,0.710205,0.710205,0.710205,0.700195,0.700195,0.679932,0.710205,0.640137,-14.625,-13.28125,-35.0625,-12.0625,-15.5,-15.625,-28.8125,-22.0625,-31.915077,-26.876633,-40.98753,-25.896137,-36.251251,-33.716717,-35.630001,-29.599186,24.040249,17.6071,29.287529,17.921757,18.585531,22.331566,31.536993,21.302521,43.729816,46.845703,35.615196,43.411263,36.176376,40.76482,41.900181,41.963516,29.631582,30.835835,28.824684,32.199734,35.504539,27.46352,21.019468,26.370356,2.598351,4.711362,6.272593,6.467243,9.733548,9.440093,5.543357,10.363607,39.232056,40.96138,16.571894,44.167336,42.975204,38.150291,22.644497,27.669174,39,3.589844,844,5.460938,223
3322600,185,226,285,232,229,228,214,207,-42.875,-45.3125,-48.25,-45.8125,-46.25,-44.25,-50.125,-45.25,8.625,9.8125,1.0625,9.625,8.375,8.0625,11.75,12.3125,32.1875,30.625,30.375,30.875,26.5,30.1875,30.9375,37.3125,17.625,14.4375,12.0625,13.8125,9.9375,9,14.875,10.4375,43,44,49,44,45,46,46,45,185,226,285,232,229,228,214,207,0.830078,0.809814,0.889893,0.759766,0.780029,0.800049,0.75,0.859863,0.720215,0.710205,0.630127,0.720215,0.680176,0.670166,0.720215,0.640137,-11.75,-17.1875,-34.3125,-13.9375,-8.6875,-13.625,-29.3125,-22.75,-26.006048,-30.876965,-41.784531,-26.825523,-28.218184,-33.842499,-35.057419,-29.447618,22.645126,19.929085,30.031008,18.187998,17.755112,22.39616,23.278418,21.643061,45.368458,45.472889,37.271603,45.632065,36.711876,40.185646,48.96096,41.531189,28.956772,29.545507,26.609627,29.728975,38.597374,27.311907,24.292595,26.212212,3.029645,5.052519,6.087765,6.450964,6.935639,10.106284,3.46803,10.613534,41.465446,36.915504,17.726549,41.564793,49.58746,41.141899,25.113123,27.252081,40,3.808594,845,5.714844,225
3324120,196,217,283,227,263,224,168,201,-42.3125,-45.8125,-48.25,-44.3125,-48.6875,-44.5,-46.6875,-45.5,8.6875,10.625,2.0625,9.5,6.375,9.375,10.5,15.0625,30.3125,32.125,28.5625,31.125,28.125,29.9375,31.1875,37.8125,15.875,16.3125,10.5,14.4375,13.25,9.625,15.375,13.5,43,44,48,45,45,46,45,46,196,217,283,227,263,224,168,201,0.790039,0.820068,0.749756,0.769775,0.769775,0.819824,0.76001,0.799805,0.72998,0.76001,0.730225,0.720215,0.710205,0.660156,0.72998,0.700195,-7.25,-16.25,-34.8125,-10.875,-14.0625,-12.3125,-28.3125,-20.6875,-22.038242,-29.868645,-41.498852,-23.40321,-36.539818,-32.655945,-33.92926,-26.687571,19.802458,19.715698,29.179338,18.639946,19.84223,20.590775,28.464062,17.5998,41.035625,47.477428,35.775036,45.530273,38.845634,41.286442,46.062565,48.108734,35.976074,29.078283,28.559134,30.818287,35.44614,27.943357,20.641609,26.626343,3.185837,3.728588,6.486495,5.011492,5.865993,10.179431,4.83176,7.665123,48.278828,37.931034,17.310789,44.324772,45.077301,43.240974,23.595507,29.782444,39,3.90625,846,5.941406,222
3325600,192,222,293,233,263,207,244,224,-42,-44.1875,-50.125,-46.375,-47.125,-44.9375,-54.625,-47.5625,9.8125,9.875,3.1875,10.5,6.9375,9,14.25,11.1875,32.1875,30.625,28.8125,31.8125,27.0625,26.9375,33.25,37.8125,15.8125,14.5,9.875,16.125,10.9375,7.0625,14.375,11.75,42,43,47,43,45,44,46,45,192,222,293,233,263,207,244,224,0.819824,0.73999,0.789551,0.779785,0.780029,0.809814,0.799805,0.899902,0.720215,0.76001,0.710205,0.720215,0.690186,0.690186,0.700195,0.620117,-7.25,-13.25,-35.0625,-14.40625,-8.1875,-15.125,-28.5625,-24.8125,-22.061766,-28.869663,-43.462685,-26.775002,-33.071667,-33.180832,-36.456032,-32.308289,19.554966,19.172525,27.353987,17.767347,18.114882,21.396654,15.553762,24.228258,42.548508,45.494991,36.39706,48.127357,35.597317,41.196861,48.215588,40.643452,34.310349,29.108948,29.200342,29.28409,38.800602,27.526764,27.842245,25.26099,3.58618,6.223533,7.048605,4.821206,7.487199,9.879717,8.388405,9.867298,46.840775,40.807915,18.887148,40.887291,51.916664,39.949749,29.658607,26.647144,40.5,3.707031,847,5.488281,234
3327120,187,231,311,273,251,209,245,186,-44.25,-46.3125,-49.6875,-46.375,-48.6875,-43.6875,-50.8125,-44.8125,9.3125,10.25,0.75,9.25,6.8125,9.0625,6.6875,12.25,31.125,32.125,28.5625,32.8125,28.125,30.4375,30.9375,39.0625,15.3125,15.9375,10.75,13.0625,12.25,11.1875,13.375,12.75,43,43,49,44,45,45,46,44,187,231,311,273,251,209,245,186,0.819824,0.810059,0.799805,0.789795,0.789795,0.789795,0.793213,0.859863,0.720215,0.709961,0.680176,0.710205,0.680176,0.680176,0.706787,0.660156,-8,-16.25,-36.6875,-12.0625,-10.5625,-25.6875,-32.0625,-23.1875,-22.635527,-30.350147,-43.614883,-26.50388,-29.087502,-32.660763,-39.656097,-30.252439,18.988426,19.241026,28.688749,17.369423,18.002449,22.942223,29.436302,24.168716,39.384548,46.078659,37.49012,45.984474,36.249683,41.204857,41.344379,38.471775,36.827091,30.143297,27.581999,30.520102,38.365555,27.243576,21.039694,27.18261,4.799936,4.537016,6.239132,6.125998,7.382313,8.609344,8.179626,10.176902,48.092869,38.204922,16.442688,43.330704,49.63385,24.283304,22.304832,25.782415,39,3.816406,848,5.800781,236
3328640,150,231,305,256,251,204,244,215,-43.6875,-46.0625,-50.6875,-46.625,-51.125,-44.25,-49.4375,-44.5625,14.625,10.5625,3.125,10,5.9375,9.125,8.375,12.1875,30.5625,31.875,30.375,31.8125,26.75,30.1875,32.75,38.0625,18.375,14.6875,11.4375,13.1875,10.75,10.25,16.125,10.625,39,43,48,44,45,46,46,45,150,231,305,256,251,204,244,215,0.810059,0.879883,0.869873,0.790039,0.819824,0.779541,0.76001,0.879883,0.72998,0.640137,0.670166,0.699951,0.680176,0.680176,0.719971,0.640137,-13.5625,-15.8125,-35.3125,-14.4375,-15.5,-21.729166,-29.3125,-22.5,-27.088028,-29.357143,-42.214645,-27.081974,-39.506943,-33.616692,-36.99197,-29.357628,22.363028,17.655294,26.582973,17.126444,18.608294,22.560415,27.427275,21.992025,44.299591,45.901569,37.742195,46.373825,36.027893,40.921406,43.36734,42.612385,30.552229,30.684254,28.964111,30.655375,36.408867,26.590166,24.045666,25.90464,2.785146,5.758882,6.710724,5.844357,8.954946,9.928017,5.159715,9.490945,40.402348,39.008793,18.966846,41.035858,45.238094,30.254688,24.486692,26.701965,39,3.851563,849,5.855469,232
3330140,159,206,300,245,261,195,213,202,-44.25,-44,-48.875,-45.3125,-47.5625,-42.8125,-49.1875,-44.5625,13.6875,10.75,0.75,9.875,7.625,8.875,9.75,12.875,30.3125,32.375,28.5625,32.0625,28.9375,31.875,29.875,38.5625,16.75,16.375,10.625,13.75,12.5,11.0625,12.3125,13.25,39,42,48,44,45,45,45,44,159,206,300,245,261,195,213,202,0.810059,0.810059,0.750244,0.76001,0.790039,0.77002,0.780029,0.879883,0.699951,0.709961,0.699707,0.699951,0.669922,0.679932,0.699951,0.640137,-12.5,-13,-36.6875,-11.5625,-5.1875,-11.8125,-28.0625,-22.0625,-26.831593,-27.701923,-43.006588,-27.299221,-35.731251,-32.489063,-36.154316,-28.797123,21.787922,19.138355,30.384583,17.842548,18.3216,23.530725,26.206505,22.492268,43.798004,47.386131,36.277889,44.857121,34.700081,40.108219,46.264782,43.62664,31.029743,30.06424,27.711205,30.687206,39.535851,27.558031,21.879547,25.913351,3.384331,3.411273,5.626328,6.613121,7.442469,8.803026,5.649166,7.967736,42.43943,40.589199,15.57508,43.61874,55.392159,41.506275,25.39444,27.067671,40,3.808594,850,5.714844,222
3331660,166,230,295,261,237,187,227,188,-44.8125,-46.5,-48.875,-45.8125,-48.4375,-43,-49.875,-44.3125,8.8125,10.25,1.0625,9.5,7.6875,9.5,10.3125,12.125,30.875,31.875,28.8125,31.8125,29.25,31.875,33.25,38.3125,18.4375,15,11.3125,13.5,12.75,11,16.5625,12.6875,43,43,49,44,45,45,46,45,166,230,295,261,237,187,227,188,0.840088,0.870117,0.760254,0.780029,0.790039,0.76001,0.72998,0.869873,0.679932,0.669922,0.679688,0.679932,0.659912,0.669922,0.709961,0.630127,-15.9375,-16.75,-35.625,-13,-10.5625,-12.84375,-28.0625,-22.9375,-30.62468,-30.764896,-42.890976,-26.870014,-34.406815,-32.393848,-35.848274,-29.407581,23.746965,19.092442,29.414621,17.418591,18.462038,22.762186,23.967606,24.267006,45.20396,45.359489,36.274849,46.118774,36.179619,40.085621,45.553074,41.565086,27.980732,30.159966,27.669472,30.689713,38.25354,28.081244,21.435871,25.621304,3.06834,5.388101,6.641064,5.772918,7.104805,9.070954,9.043449,8.546601,38.150291,37.958534,16.825397,42.270531,48.753017,40.275459,26.240602,25.869894,39,3.828125,851,5.824219,223
3333160,171,217,290,250,262,194,227,205,-45.625,-44.875,-48.875,-45.8125,-48.25,-42.625,-50.125,-44.0625,5.8125,11.3125,1.5625,9.75,6,8.9375,9.9375,12.375,28.4375,32.125,28.25,32.0625,27.875,27.375,33,37.8125,16.875,16.0625,10.8125,12.875,11.3125,7.1875,15.75,12.8125,44,43,48,44,45,45,46,45,171,217,290,250,262,194,227,205,0.810059,0.790039,0.749756,0.780029,0.77002,0.780029,0.719971,0.829834,0.699951,0.689941,0.700195,0.689941,0.669922,0.659912,0.719971,0.640137,-17.3125,-14.0625,-36.6875,-11.125,-11.625,-9.9375,-29.3125,-22.0625,-37.798782,-27.338835,-42.724182,-25.749561,-37.318829,-32.307156,-36.1427,-28.331427,25.433153,17.798246,29.613214,17.642078,19.275463,22.929932,23.991983,22.423965,41.873871,46.850109,36.553818,45.157345,36.109417,39.630985,43.649551,45.123981,29.574358,30.747736,28.627834,31.092899,36.185368,28.339403,21.150177,24.959404,3.118622,4.60391,5.205136,6.107673,8.42975,9.099679,11.208287,7.492651,37.9715,39.88673,15.57508,44.542538,48.11166,44.284504,25.037592,26.788431,40,3.921875,852,5.882813,227
3334680,181,229,302,250,260,218,220,187,-43.6875,-47.25,-49.0625,-45.8125,-48.4375,-43.6875,-49.1875,-45.75,10.1875,11.375,0.9375,9.125,5.9375,9,9.9375,17.6875,31.375,31.375,29.375,31.125,25.1875,30.9375,32,38.3125,18.6875,14.625,11.5,13.0625,8.8125,10.0625,15.5625,13.9375,43,43,49,45,47,48,48,47,181,229,302,250,260,218,220,187,0.799805,0.810059,0.77002,0.800049,0.77002,0.780029,0.77002,0.840088,0.730225,0.73999,0.719971,0.709961,0.699951,0.679932,0.719971,0.689941,-14.875,-18.125,-36.9375,-13.6875,-11.625,-14.375,-27.375,-19.625,-28.964882,-29.923214,-43.659943,-27.950001,-36.627079,-32.812344,-35.43837,-26.154453,21.750887,16.933363,29.341051,18.550652,19.239668,22.499725,25.335588,15.49051,43.48185,46.557148,36.085426,45.20647,36.996662,40.716869,46.487732,50.300835,31.977739,31.143724,27.932299,30.376949,35.926899,27.394819,22.826252,26.424116,2.789525,5.365764,6.641225,5.865924,7.836768,9.388586,5.350429,7.78454,38.384678,37.042923,15.458166,41.754673,47.576736,39.279732,26.784342,31.078068,39,3.796875,853,5.773438,230
3336160,179,236,287,247,291,198,177,208,-43.6875,-46.3125,-48.4375,-46.375,-46.9375,-43.6875,-47.9375,-44.0625,16.75,9.8125,1.0625,8.875,6.875,9.375,12,11.1875,31.375,30.625,29.875,31.125,27.3125,27.625,32.25,37.8125,16.25,14.375,11.6875,12.625,11.5,7.0625,16.5,12.125,39,43,48,44,45,46,46,46,179,236,287,247,291,198,177,208,0.73999,0.800049,0.834961,0.780029,0.76001,0.779785,0.75,0.849854,0.72998,0.699951,0.665039,0.689941,0.659912,0.640137,0.689941,0.610107,-9.75,-18.875,-35.0625,-14.625,-8.1875,-16.625,-25.8125,-23.1875,-23.069736,-29.462755,-42.364906,-28.313616,-30.354168,-32.789116,-33.479595,-29.179941,16.917601,19.053503,30.002419,19.181423,17.505272,22.195847,21.870846,24.915264,42.935009,46.442776,36.166939,45.890217,37.299709,39.920681,49.464565,41.176094,35.908424,28.719759,27.418741,28.807119,38.71069,27.218479,23.472477,24.189875,4.238962,5.783962,6.411903,6.121241,6.484335,10.664993,5.19211,9.718768,45.062241,35.546558,17.07901,40.967743,51.23967,36.386555,27.591583,25.496181,40.5,3.800781,854,5.628906,227
3337620,162,240,287,225,259,201,230,198,-43.125,-44.875,-48.0625,-44.5625,-46.25,-42.4375,-49.1875,-42.625,14.25,10.375,0.5625,10.6875,7.9375,10.0625,10.9375,11.5625,29.8125,32.875,28,31.125,28.6875,30.4375,31.1875,38.3125,16.9375,16.6875,10.5625,14.5,12,11,16.1875,13.9375,38,42,47,42,43,44,44,45,162,240,287,225,259,201,230,198,0.799805,0.820068,0.740234,0.780029,0.75,0.779785,0.73999,0.836426,0.740234,0.699951,0.719727,0.719971,0.689941,0.680176,0.719971,0.650146,-11.5625,-15.8125,-36.375,-13.6875,-6.5625,-14.125,-27.8125,-19.8125,-26.495705,-28.798342,-42.842239,-26.259869,-27.625,-30.283455,-35.192924,-27.928516,19.450033,19.566355,29.57832,17.83518,16.984962,21.490625,23.607046,25.830286,42.989429,48.287575,36.563236,46.068913,36.395405,41.244354,48.300022,45.366566,34.142593,28.607967,26.480457,30.532143,37.778027,27.850517,23.001348,22.584671,3.417942,3.5381,7.377986,5.563767,8.841605,9.414501,5.091586,6.21848,43.27335,37.379421,15.044249,40.792732,52.566223,38.850773,26.327944,28.185329,41,3.894531,855,5.6875,225
3339100,216,215,285,261,261,213,178,202,-44.25,-44.875,-47.4375,-45.3125,-45.3125,-43.4375,-48.9375,-43.8125,7.5,11.5625,0.625,8.3125,7.1875,7.875,12.5,11.3125,30.0625,31.375,28.5625,31.125,28.125,28.5,29.625,37.8125,15.5,15.125,10.875,12.9375,12.6875,9.375,15.4375,13.25,43,41,47,44,44,45,45,45,216,215,285,261,261,213,178,202,0.780029,0.780029,0.820068,0.759766,0.739746,0.720215,0.75,0.839844,0.713379,0.713379,0.633545,0.693604,0.673828,0.703369,0.713379,0.633545,-11.5625,-16.75,-35.3125,-12.5625,-8.4375,-26.9375,-28.3125,-23.4375,-28.372818,-27.682308,-41.971115,-27.200838,-27.846786,-33.383621,-34.495792,-29.258892,20.404829,18.374111,30.319258,19.102598,17.474941,23.637232,24.718649,25.76107,42.405884,45.81414,36.108883,46.11623,37.465607,38.012619,50.924873,41.779503,33.834213,30.615059,27.271976,28.528734,38.702847,28.480991,20.714157,24.962708,3.355071,5.196691,6.29988,6.252441,6.356605,9.869154,3.642325,7.496717,43.366501,36.525974,16.107931,42.845459,50.042408,22.719448,25.482624,24.961714,40.5,3.898438,856,5.773438,228
3340600,216,235,311,232,284,202,292,216,-43.6875,-45.8125,-48.625,-45.0625,-46.0625,-44.5,-51.75,-45.25,7.9375,10.0625,0.9375,10.4375,6.75,9.625,7.8125,11.25,30.5625,30.125,28,27.8125,28.375,29.4375,30.4375,38.3125,16.1875,14.125,10.25,11.25,9.8125,9.8125,14.3125,14.25,43,43,49,44,46,45,47,47,216,235,311,232,284,202,292,216,0.80957,0.829834,0.753418,0.759766,0.72998,0.780029,0.75,0.869873,0.700439,0.710205,0.686768,0.700439,0.670166,0.680176,0.710205,0.630127,-14.0625,-17.6875,-34.8125,-13.25,-8,-14.125,-32.375,-22.5,-28.016554,-30.212624,-42.648941,-25.750412,-28.695,-32.398247,-39.0811,-29.773634,21.026941,19.653606,29.328403,17.862148,17.134712,21.33194,25.353271,26.219208,44.819191,46.860947,36.719002,46.287445,34.94548,41.631035,42.442165,44.178722,30.98954,29.330933,26.426062,30.322546,37.622086,27.686192,24.225697,23.378901,3.16433,4.15451,7.526534,5.527863,10.297719,9.350835,7.978864,6.223169,39.898987,36.202736,17.765274,41.653027,50.539421,40.399002,23.065475,27.22513,40,3.9375,857,5.910156,248
3342060,196,223,295,257,290,190,257,192,-42.875,-44.625,-48.625,-46.125,-46.5,-43.6875,-50.125,-43.8125,9.3125,10.5,0.75,8.8125,7.3125,9.9375,9,11.9375,29.8125,30.125,28.25,31.125,28.9375,30.1875,32.25,38.0625,15.875,15.25,10.4375,13.875,11.8125,11,15.625,13.25,41,42,47,44,45,44,45,44,196,223,295,257,290,190,257,192,0.780029,0.780029,0.840088,0.76001,0.75,0.76001,0.719971,0.840088,0.680176,0.700195,0.600098,0.690186,0.650146,0.670166,0.720215,0.620117,-11.0625,-16.5,-35.875,-15.8125,-5.6875,-11.8125,-28.8125,-21.5625,-23.420137,-29.793535,-42.576096,-28.893536,-31.175243,-32.467461,-37.496185,-28.755543,19.466347,19.82312,29.283413,19.314671,16.693357,21.726467,23.917652,25.050568,42.474716,47.038937,36.562515,46.178112,36.159622,40.699226,43.211571,41.918823,34.359741,29.654554,27.223125,29.203289,38.835506,28.659428,22.87899,25.968897,3.699198,3.483389,6.93095,5.303926,8.311517,8.914881,9.991785,7.061712,43.616112,37.128716,16.613419,39.239483,54.101078,43.147209,25.872534,27.175573,41,3.988281,858,5.824219,237
3343540,196,229,297,232,297,187,216,202,-43.125,-44.4375,-48.4375,-44.8125,-45.3125,-43.25,-48.9375,-44.0625,8.125,10.0625,1.8125,9.4375,6.75,10.125,10.375,11.9375,31.375,31.875,29.375,31.3125,29.25,29.4375,32.25,38.0625,15.625,15.3125,10.75,14.625,11.8125,10.125,15.9375,13.5625,42,42,47,43,44,43,44,45,196,229,297,232,297,187,216,202,0.820068,0.780029,0.820068,0.75,0.709961,0.77002,0.72998,0.850098,0.699707,0.719971,0.619873,0.709961,0.689941,0.689941,0.72998,0.639893,-10.8125,-16.0625,-34.5625,-14.625,-7.75,-11.8125,-29.3125,-22.5,-26.890139,-29.708824,-41.246151,-28.398865,-28.704643,-32.401184,-36.020557,-29.087015,21.421438,19.732279,27.713711,19.485977,17.165192,20.639725,24.927334,24.171833,41.566994,45.318996,37.243618,46.285858,37.793411,38.318127,45.384758,42.259789,32.90065,30.319399,27.118671,28.135952,37.198372,29.707592,23.570494,26.130985,4.110921,4.629323,7.923999,6.092213,7.84302,11.334554,6.117414,7.437389,43.372482,37.182636,18.232485,39.655174,50.377201,43.250214,24.17244,26.255709,40.5,4.109375,859,6.082031,232
3345020,204,216,304,225,312,195,235,200,-42.875,-44.625,-50.125,-44.0625,-47.8125,-42.8125,-49.1875,-43.8125,8,10.8125,1.875,9.875,5.5625,10.0625,8.0625,12.375,30.5625,31.625,28.25,31.5625,28.125,31.625,29.0625,39.0625,14.4375,15.9375,10,15.1875,13.125,11.5,12.8125,14.4375,42,42,47,43,45,45,46,45,204,216,304,225,312,195,235,200,0.75,0.810059,0.850098,0.76001,0.739746,0.800049,0.75,0.870117,0.709961,0.699951,0.589844,0.689941,0.670166,0.629883,0.709961,0.619873,-9.9375,-16.75,-35.0625,-13.25,-14.625,-12.875,-30.1875,-22.0625,-26.186436,-28.872223,-42.230515,-26.681675,-34.252907,-31.270046,-36.774193,-28.207405,20.524021,18.623701,27.670872,19.185287,18.843809,22.373339,28.044313,24.258675,40.083431,46.707474,37.582073,45.696388,39.680664,40.606735,45.082977,44.691639,34.723373,30.538967,29.170084,29.298882,35.439663,27.944103,22.848988,24.35887,4.669169,4.129861,5.576967,5.819449,6.035865,9.075827,4.023718,6.690819,44.661018,36.557377,19.394878,40.743801,43.703705,40.218304,23.259373,26.244345,40.5,3.914063,860,5.796875,236
3346480,220,245,299,240,294,179,234,195,-43.125,-45.0625,-48.4375,-44.5625,-46.9375,-42.1875,-48.6875,-42.125,6.375,10.375,0.8125,10.8125,6.0625,9.6875,9.375,12.3125,31.9375,32.125,28.25,32.5625,29.25,30.1875,32.25,38.0625,15.1875,14.6875,10.8125,15.4375,12.9375,10.3125,15.875,12.4375,42,41,47,42,45,43,44,44,220,245,299,240,294,179,234,195,0.799805,0.76001,0.793213,0.77002,0.76001,0.75,0.76001,0.840088,0.690186,0.699951,0.626709,0.669922,0.649902,0.659912,0.679932,0.619873,-7.5,-16.25,-35.0625,-13,-8.4375,-11,-27.1875,-20.5,-25.849731,-29.362501,-42.45697,-26.604519,-35.268642,-31.434906,-35.852345,-26.489367,21.152578,18.483322,29.313194,17.809742,19.580349,22.741646,25.339624,23.266367,40.722797,44.858047,36.23938,47.458126,38.081314,39.69001,47.545101,45.511497,33.685417,28.538406,27.326504,29.558474,36.85862,28.149935,22.695406,23.963818,4.439207,8.120222,7.120927,5.173659,5.479716,9.418409,4.419866,7.258316,47.460449,37.327938,17.370131,40.923824,50.533222,43.091537,26.563707,26.968044,41,3.835938,861,5.605469,238
3347960,174,245,308,230,305,174,217,220,-42.3125,-44.875,-48.0625,-43.5625,-47.8125,-41.0625,-47.4375,-41.375,12.4375,10.5,1.4375,9.875,5.375,10,6.4375,11.0625,31.625,30.875,29.125,31.8125,25.6875,30.4375,29.875,38.0625,17.5,14.25,10.875,13.625,9.9375,11.0625,13.5,11.875,39,42,47,43,45,43,45,45,174,245,308,230,305,174,217,220,0.800049,0.77002,0.840088,0.75,0.72998,0.76001,0.73999,0.820068,0.699951,0.709961,0.599854,0.699951,0.669922,0.659912,0.709961,0.619873,-10.375,-16.75,-33.75,-11.3125,-14.3125,-13.375,-29.0625,-19.8125,-26.224331,-28.868599,-41.574036,-26.717548,-36.302422,-30.411667,-36.588818,-26.421053,19.969963,18.397825,29.04162,19.013247,19.393232,22.770779,30.720684,24.236198,43.236244,47.556622,36.929306,45.169086,38.445606,40.116138,43.700592,45.932178,34.01041,29.035912,27.110353,29.933762,33.811481,27.351078,21.124155,22.538849,2.783384,5.009642,6.918716,5.883907,8.349682,9.762003,4.45457,7.292771,43.195267,36.525974,18.875502,42.786072,44.260941,38.723774,23.058825,27.143982,40.5,4.160156,862,6.160156,234
3349420,175,241,316,229,302,175,235,204,-43.6875,-44.625,-48.625,-43.5625,-47.5625,-40.8125,-47.6875,-42.125,8,11.125,1.75,10.125,5.0625,9.8125,7.3125,11.6875,30.875,30.625,29.625,30.625,27.3125,29.9375,31.75,37,18.25,13.9375,10.875,13,11.4375,10.375,16.3125,11.75,42,41,46,43,45,43,45,45,175,241,316,229,302,175,235,204,0.770264,0.800049,0.839844,0.75,0.739746,0.739746,0.73999,0.829834,0.749756,0.699951,0.620117,0.719971,0.700195,0.710205,0.72998,0.640137,-12.5,-15.0625,-34.3125,-11.8125,-14.625,-14.375,-28.3125,-18.875,-28.755981,-27.652542,-41.855232,-26.319643,-35.455406,-30.35907,-35.798187,-26.480042,23.538708,17.02038,28.347454,18.558147,19.834114,22.741293,30.190069,23.996437,43.102295,46.833412,36.967548,44.212116,39.103909,39.16256,46.710598,45.556225,31.300535,29.508266,27.568596,30.692211,34.154381,27.955753,20.67605,23.362593,2.058458,6.637941,7.116397,6.537525,6.907589,10.140395,2.423286,7.084738,41.827328,39.026405,18.492064,42.796967,43.661972,37.367489,24.390244,29.17647,41,3.855469,863,5.632813,234
3350900,189,235,312,240,321,177,244,207,-42.5625,-43.5625,-48.625,-42.8125,-47.8125,-42.8125,-51.75,-41.875,8.6875,10.5,2.625,9.5,4.9375,10.5,8.8125,11.625,30.0625,32.125,28.25,31.3125,28.375,30.1875,31.1875,37.5625,15.375,15.25,10.3125,12.75,13.1875,10.8125,15.5,13,42,42,47,43,46,44,47,45,189,235,312,240,321,177,244,207,0.75,0.780029,0.779785,0.73999,0.740234,0.780029,0.76001,0.809814,0.73999,0.709961,0.680176,0.719971,0.689697,0.689941,0.709961,0.650146,-12.75,-14.0625,-33.75,-12.3125,-13.53125,-13.875,-30.4375,-19.375,-25.915627,-27.321724,-40.93219,-27.34907,-36.420025,-30.550657,-38.336163,-26.629328,21.167854,18.465637,27.580494,18.942343,19.908323,21.503588,26.849842,24.728731,42.819958,47.065243,37.664169,45.262924,38.864555,40.980511,45.779587,45.800682,31.815115,29.29117,28.267612,29.731375,35.064922,27.519857,21.387562,23.103405,4.197075,5.177947,6.487726,6.063359,6.162196,9.996041,5.983012,6.367184,40.76923,38.976051,19.271255,41.146709,44.812092,39.640411,25.697062,28.235296,40.5,3.972656,864,5.882813,240
3352360,164,239,292,233,302,174,197,185,-42.3125,-43.75,-49.5,-43.5625,-46.0625,-41.25,-49.625,-41.375,14.375,10.25,1.6875,9.125,6.5625,10.5625,11.6875,11.5,30.875,31.625,28.5625,30.625,29.25,30.1875,30.9375,37.5625,15.625,13.8125,10.375,13.5,12.5625,10.8125,14.5,14.375,38,42,47,44,45,43,45,45,164,239,292,233,302,174,197,185,0.789795,0.77002,0.849854,0.75,0.790039,0.77002,0.75,0.839844,0.740234,0.719971,0.630127,0.719971,0.650146,0.680176,0.719971,0.650146,-12.5,-15.3125,-35.875,-14.1875,-10.5625,-14.125,-26.6875,-19.8125,-27.436579,-28.129875,-42.600563,-27.414749,-32.834999,-30.203072,-34.16927,-26.47348,19.719727,18.251366,29.108507,19.388094,18.1912,21.639265,22.143419,26.765717,40.813164,44.802582,37.587002,44.779488,39.597237,39.186852,49.53516,44.598915,34.752357,29.08955,26.832914,29.782549,36.907745,28.860191,22.325142,23.168404,4.714748,7.856504,6.471574,6.049872,5.303821,10.313686,5.996279,5.466966,40.734417,37.603306,17.665615,39.595619,47.136929,37.970253,28.187403,27.315914,41,3.96875,865,5.796875,223
3353820,180,228,283,233,322,173,234,200,-42.5625,-44,-48.25,-44.5625,-48,-42.4375,-49.4375,-41.875,13.5,10.9375,2.1875,9.375,6.0625,10.875,9.5,11.0625,30.5625,31.375,28.5625,27.8125,29.25,29.4375,31.1875,38.3125,15,15.0625,10.5625,11.8125,12.6875,10,16,14.75,39,42,46,43,46,43,46,45,180,228,283,233,322,173,234,200,0.779785,0.779785,0.830078,0.76001,0.76001,0.790039,0.76001,0.810059,0.710205,0.700195,0.620117,0.680176,0.660156,0.640137,0.680176,0.630127,-11.3125,-15.5625,-33.5,-14.4375,-9.5625,-15.125,-29.0625,-20.6875,-24.535713,-28.772692,-41.596462,-28.000465,-35.684212,-30.636662,-35.953262,-27.037683,19.710262,18.682283,27.402077,19.405239,18.858273,20.545288,24.372446,26.73237,41.64653,47.145222,38.185036,46.633953,39.308056,39.695915,46.918766,45.077713,34.05772,30.048985,28.302502,27.661879,35.875889,28.410847,23.71195,22.866152,4.585491,4.123508,6.110378,6.298929,5.957779,11.34795,4.996839,5.32376,42.735043,37.479408,19.453377,39.93372,49.757282,38,25.173744,26.422447,41,3.972656,866,5.800781,231
3355280,164,220,307,226,322,231,230,181,-43.4375,-43.75,-48.625,-42.625,-46.6875,-43.875,-47.1875,-41.625,7.25,11.1875,1.4375,8.75,4.625,9.375,6.25,13.0625,29.25,32.125,29.375,31.8125,29.5,30.6875,30.9375,38.0625,14.125,15.5625,11.625,15.5,14.375,9.625,14.5625,14.25,42,42,46,43,45,44,46,44,164,220,307,226,322,231,230,181,0.750244,0.76001,0.840088,0.719971,0.72998,0.790039,0.75,0.810059,0.739746,0.73999,0.619873,0.73999,0.699951,0.679932,0.689941,0.649902,-9.5,-13.25,-34.3125,-10.375,-15.5,-14.375,-28.5625,-18.25,-36.900436,-27.716284,-41.853123,-26.39299,-34.688019,-31.382551,-36.860325,-25.678352,22.91136,18.04887,28.136269,20.543354,21.23711,20.32625,29.43025,22.913097,35.348663,46.779175,36.744572,45.559643,41.987885,41.650448,40.772228,45.065617,35.466831,31.642345,27.76619,28.89691,32.768745,28.215281,18.840389,25.188524,6.273148,3.529612,7.352971,5.000094,4.006262,9.808021,10.957137,6.832759,46.529564,40.197693,18.804781,43.32494,40.935192,39.564125,23.84,29.333332,41,3.96875,867,5.796875,235
3356740,204,242,288,225,294,189,217,207,-43.6875,-44.4375,-49.6875,-43.8125,-46.0625,-45.8125,-48.9375,-41.875,6.75,9.8125,1.4375,9.125,5.5,12.0625,7.875,12.1875,30.875,31.625,28.25,28.75,24.625,29.4375,30.6875,37,16.125,14.3125,11.125,12.6875,9.75,10.0625,14.4375,12.3125,42,42,47,43,45,44,45,45,204,242,288,225,294,189,217,207,0.790039,0.77002,0.830078,0.76001,0.73999,0.73999,0.776855,0.810059,0.72998,0.72998,0.629883,0.699951,0.679932,0.73999,0.709961,0.649902,-10.1875,-14.3125,-35.0625,-13.9375,-11.9375,-16.875,-29.5625,-16.9375,-27.932331,-29.072311,-42.937904,-29.135118,-31.205589,-33.011902,-37.150639,-25.625,21.786295,19.451216,28.411411,20.009039,18.507654,20.39838,28.258743,21.430971,40.992676,45.70644,36.993763,45.246559,40.174404,40.675182,45.604176,46.794331,32.96917,29.679043,26.498306,28.865376,35.222279,27.429317,20.327456,24.74905,4.25186,5.163299,8.096521,5.879025,6.095666,11.497116,5.809624,7.025651,44.928749,39.605587,18.690851,40.269585,46.153847,38.455151,24.332809,31.616482,41,3.988281,868,5.828125,233
3358200,189,226,298,242,301,183,221,203,-44.25,-44,-47.8125,-44.3125,-45.3125,-42.625,-47.1875,-41.875,11.75,10.4375,2.625,8.5,6.8125,10.5625,9.75,11.0625,31.625,30.625,29.375,30.625,28.9375,29.6875,29.375,37,17.375,14.4375,10.8125,13,13.4375,10.4375,12.0625,12.1875,40,42,46,44,45,43,45,46,189,226,298,242,301,183,221,203,0.76001,0.76001,0.799805,0.76001,0.72998,0.780029,0.719971,0.820068,0.73999,0.719971,0.659912,0.699951,0.679932,0.699951,0.719971,0.629883,-11.3125,-15.3125,-32.25,-13.9375,-9.375,-15.875,-26.4375,-19.625,-26.632851,-30.679688,-39.289425,-29.126152,-30.899405,-30.790245,-34.278141,-26.87709,20.511936,19.256121,27.583733,20.242006,18.390228,21.219435,22.922514,26.232231,41.654209,44.426689,38.847931,45.255165,40.20118,39.809513,44.127674,42.989174,33.582676,29.69718,27.253555,28.60767,36.721878,27.747932,24.664106,24.218378,4.251182,6.620008,6.31478,5.895164,4.686715,11.223117,8.285705,6.560217,43.410213,38.059704,20.161943,40.533779,48.400673,36.992222,26.203629,28.209192,41,4.027344,869,5.882813,232
3359640,200,246,303,240,310,171,223,206,-40.9375,-43.5625,-48.875,-42.625,-48.25,-40.8125,-51.75,-43.375,10.125,9.3125,1.8125,8.5625,12,10.75,14.0625,11.5625,30.5625,32.375,27.75,31.3125,30,25.625,29.625,38.3125,15.1875,14.75,9.3125,14,12.5625,6.6875,12.9375,13.5,40,42,47,43,44,42,45,45,200,246,303,240,310,171,223,206,0.75,0.77002,0.819824,0.72998,0.700195,0.789795,0.77002,0.829834,0.719971,0.719971,0.630127,0.719971,0.689941,0.650146,0.689941,0.640137,-8.625,-16.25,-34.5625,-13.5,-3.125,-15.125,-26.4375,-20.5,-25.504763,-30.117308,-42.049072,-28.623213,-19.476751,-29.35405,-33.425194,-27.750544,19.581444,20.808237,27.889252,19.999292,11.759743,21.68458,15.471723,25.585642,40.937981,45.574703,36.527168,44.9715,34.685745,40.980091,50.719418,43.026726,34.854973,28.604851,27.341431,29.352152,44.241837,28.333345,28.152538,23.901609,4.625602,5.012209,8.242149,5.677059,9.312675,9.001987,5.656323,7.486024,45.192307,35.967079,18.745037,39.391376,57.667732,36.307423,30.223879,28.003061,41.5,3.929688,870,5.660156,237
3361100,251,241,302,238,282,193,234,187,-44,-44.625,-48.0625,-43.8125,-46.0625,-43.4375,-47.4375,-42.875,5.9375,10.5625,1.0625,8.75,5.875,9.375,7.1875,11.0625,30.5625,32.125,28,29,28.375,30.4375,30.125,38.3125,13.1875,15.4375,10.4375,12,13.3125,11.625,13.5,15.6875,43,43,47,43,45,44,45,45,251,241,302,238,282,193,234,187,0.77002,0.72998,0.819824,0.75,0.709961,0.77002,0.784668,0.839844,0.689941,0.73999,0.620117,0.689941,0.690186,0.660156,0.675293,0.630127,-5.9375,-14.40625,-34.0625,-14.1875,-11.9375,-13.375,-29.3125,-20.9375,-26.136337,-30.871998,-41.876987,-29.55625,-32.697407,-33.10741,-36.43718,-28.583803,19.729242,20.274578,29.309734,20.879848,18.81035,23.508461,28.837458,27.751108,38.657578,46.884731,38.136017,45.58202,39.093769,39.818409,44.659519,43.505455,35.739304,29.15382,26.614178,27.468222,35.480145,28.441801,21.544147,24.079792,5.873879,3.686868,5.940074,6.069907,6.615738,8.23133,4.958872,4.663641,50.834728,39.372963,18.492064,39.173553,45.5,40.693741,22.888714,27.020784,41,4.007813,871,5.855469,241
3362560,228,230,292,242,304,162,215,181,-41.25,-43.75,-49.3125,-44.5625,-45.0625,-41.6875,-47.6875,-42.125,7.9375,9.4375,2.375,8.6875,6.75,10.25,7.625,12.375,31.125,31.875,28.5625,31.125,28.9375,29.9375,30.6875,38.8125,13.8125,15.875,11.25,14.5,12.9375,10.875,14.125,16,41,42,46,43,44,43,45,44,228,230,292,242,304,162,215,181,0.769775,0.76001,0.820068,0.739746,0.72998,0.75,0.790039,0.869873,0.69043,0.710205,0.610107,0.69043,0.670166,0.670166,0.650146,0.620117,-7.75,-16.0625,-34.8125,-14.625,-8.6875,-14.875,-27.8125,-21.375,-25.946316,-30.698235,-41.726563,-29.81875,-29.073048,-31.618282,-36.280148,-26.939245,20.000267,21.585131,28.057367,20.582407,17.652945,22.897223,29.080349,26.86293,40.493774,46.3297,37.549553,45.834908,40.277882,39.372463,44.756332,43.578331,35.062225,28.664251,26.856506,27.883059,37.031387,27.386347,21.499611,23.784334,4.443731,3.420915,7.536569,5.699628,5.037788,10.343968,4.663712,5.774404,46.286701,36.611568,18.562403,39.554085,49.155407,37.434555,24.941175,25.637066,41,3.816406,872,5.574219,231